#VRML V2.0 utf8
# 3D model generated by easyeda2kicad.py (https://github.com/uPesy/easyeda2kicad.py)

Shape{
    appearance Appearance {
        material  Material 	{
            diffuseColor 0.25098039215686274 0.25098039215686274 0.25098039215686274
            specularColor 0.12549019607843137 0.12549019607843137 0.12549019607843137
            ambientIntensity 0.251
            transparency 0.0
            shininess 0.5
        }
    }
    geometry IndexedFaceSet {
        ccw TRUE
        solid FALSE
        coord DEF co Coordinate {
            point [
                -0.8033 -0.636 0.8661, -0.3359 -0.636 0.8661, -0.3359 -0.5864 0.8661, 0.2977 -0.3469 0.8661, 0.2977 -0.4178 0.8661, 0.3296 -0.4178 0.8661, 0.2545 -0.636 0.8661, 0.3316 -0.636 0.8661, 0.3316 -0.5864 0.8661, 0.5091 -0.4739 0.8661, 0.5344 -0.4739 0.8661, 0.5344 -0.4511 0.8661, 0.4242 -0.5542 0.8661, 0.4207 -0.5547 0.8661, 0.4408 -0.5547 0.8661, 0.1093 -0.338 0.8661, 0.1216 -0.3462 0.8661, 0.2545 -0.3462 0.8661, 0.1347 -0.355 0.8661, 0.1533 -0.3765 0.8661, 0.1654 -0.4 0.8661, 0.1698 -0.4015 0.8661, 0.1866 -0.4103 0.8661, 0.0028 -0.339 0.8661, 0.029 -0.3289 0.8661, -0.3359 0.0301 0.8661, 0.2545 0.0301 0.8661, 0.0572 -0.3254 0.8661, 0.0807 -0.3279 0.8661, -0.0088 -0.3462 0.8661, -0.3359 -0.3462 0.8661, -0.0111 -0.3476 0.8661, -0.1285 -0.4165 0.8661, -0.1147 -0.3989 0.8661, -0.0717 -0.3743 0.8661, -0.0492 -0.3715 0.8661, -0.0245 -0.3591 0.8661, -0.0427 -0.3719 0.8661, -0.0361 -0.3727 0.8661, -0.1109 -0.3953 0.8661, -0.0928 -0.3825 0.8661, -0.0793 -0.5509 0.8661, -0.0998 -0.5409 0.8661, -0.3359 -0.5547 0.8661, -0.1175 -0.5258 0.8661, -0.1304 -0.5074 0.8661, -0.1386 -0.4862 0.8661, -0.3359 -0.4511 0.8661, -0.1414 -0.4638 0.8661, -0.1413 -0.4585 0.8661, -0.14 -0.4511 0.8661, -0.1375 -0.4371 0.8661, -0.072 -0.5531 0.8661, -0.0713 -0.5547 0.8661, -0.0663 -0.5653 0.8661, -0.0578 -0.5758 0.8661, -0.0467 -0.5842 0.8661, 0.2545 -0.5864 0.8661, 0.0057 -0.5864 0.8661, -0.0336 -0.5897 0.8661, -0.0414 -0.5864 0.8661, -0.0042 -0.5902 0.8661, -0.0179 -0.5918 0.8661, -0.0201 -0.5918 0.8661, 0.2545 -0.5547 0.8661, 0.0354 -0.5547 0.8661, 0.0354 -0.5548 0.8661, 0.0287 -0.5675 0.8661, 0.0199 -0.5774 0.8661, 0.0085 -0.5853 0.8661, 0.0248 -0.4968 0.8661, 0.1011 -0.4569 0.8661, 0.0149 -0.4877 0.8661, 0.0028 -0.4813 0.8661, 0.2017 -0.4237 0.8661, 0.213 -0.4401 0.8661, 0.2545 -0.4511 0.8661, 0.2171 -0.4511 0.8661, 0.2196 -0.4576 0.8661, 0.1132 -0.554 0.8661, 0.1094 -0.5528 0.8661, 0.1056 -0.5504 0.8661, 0.1031 -0.548 0.8661, 0.1862 -0.4703 0.8661, 0.1835 -0.4593 0.8661, 0.1792 -0.4511 0.8661, -0.1042 -0.4511 0.8661, 0.105 -0.5232 0.8661, 0.1085 -0.5209 0.8661, 0.1187 -0.4871 0.8661, 0.1125 -0.5194 0.8661, 0.211 -0.5146 0.8661, 0.2007 -0.5287 0.8661, 0.1986 -0.5308 0.8661, 0.1836 -0.5428 0.8661, -0.1009 -0.4852 0.8661, -0.094 -0.4969 0.8661, -0.0651 -0.5027 0.8661, -0.0838 -0.5074 0.8661, -0.0714 -0.515 0.8661, -0.044 -0.4839 0.8661, -0.0557 -0.492 0.8661, -0.1056 -0.4626 0.8661, -0.1049 -0.4713 0.8661, 0.2218 -0.4746 0.8661, 0.2217 -0.4782 0.8661, 0.2186 -0.4968 0.8661, 0.166 -0.5509 0.8661, 0.1489 -0.5543 0.8661, 0.1153 -0.5543 0.8661, 0.0988 -0.5366 0.8661, 0.0989 -0.5348 0.8661, 0.039 -0.5292 0.8661, 0.0999 -0.5305 0.8661, 0.102 -0.5265 0.8661, -0.0315 -0.4791 0.8661, -0.0179 -0.4774 0.8661, -0.0109 -0.4778 0.8661, 0.1007 -0.5444 0.8661, 0.0992 -0.5405 0.8661, 0.0387 -0.5407 0.8661, 0.039 -0.5349 0.8661, 0.1164 -0.519 0.8661, 0.117 -0.519 0.8661, 0.1187 -0.5194 0.8661, 0.1749 -0.5052 0.8661, 0.1812 -0.4964 0.8661, 0.1851 -0.4862 0.8661, 0.1865 -0.4751 0.8661, 0.1199 -0.5195 0.8661, 0.1455 -0.5195 0.8661, 0.1556 -0.5176 0.8661, 0.1657 -0.513 0.8661, 0.1741 -0.5061 0.8661, 0.1358 -0.4211 0.8661, 0.1285 -0.4021 0.8661, 0.1169 -0.3857 0.8661, 0.0931 -0.3679 0.8661, 0.0751 -0.3615 0.8661, 0.1375 -0.4307 0.8661, -0.0185 -0.4142 0.8661, -0.0227 -0.4119 0.8661, -0.0355 -0.4073 0.8661, -0.011 -0.3981 0.8661, 0.1421 -0.4307 0.8661, 0.1783 -0.4495 0.8661, 0.1716 -0.442 0.8661, 0.1628 -0.4359 0.8661, 0.1529 -0.4321 0.8661, 0.1094 -0.3785 0.8661, 0.0578 -0.3596 0.8661, 0.0543 -0.3596 0.8661, 0.0354 -0.3627 0.8661, -0.0685 -0.4093 0.8661, -0.0812 -0.416 0.8661, -0.0545 -0.406 0.8661, -0.0911 -0.4248 0.8661, -0.099 -0.4362 0.8661, 0.017 -0.3706 0.8661, 0.0013 -0.3826 0.8661, -0.0486 -0.4057 0.8661, -0.1039 -0.4489 0.8661, 0.5891 -0.4051 0.8661, 0.5597 -0.4051 0.8661, 0.5973 -0.427 0.8661, 0.5597 -0.4511 0.8661, 0.6087 -0.427 0.8661, 0.8033 -0.4511 0.8661, 0.8033 -0.3462 0.8661, 0.5782 -0.3469 0.8661, 0.5597 -0.3462 0.8661, 0.5671 -0.3469 0.8661, 0.5597 -0.3664 0.8661, 0.5366 -0.427 0.8661, 0.5481 -0.427 0.8661, 0.5557 -0.4051 0.8661, 0.4519 -0.4178 0.8661, 0.4519 -0.427 0.8661, 0.4594 -0.4511 0.8661, 0.4501 -0.3561 0.8661, 0.4594 -0.3462 0.8661, 0.4501 -0.3469 0.8661, 0.4408 -0.3462 0.8661, 0.4408 -0.3469 0.8661, 0.4478 -0.3909 0.8661, 0.4478 -0.3817 0.8661, 0.4408 -0.3817 0.8661, 0.4408 -0.3561 0.8661, 0.4191 -0.3817 0.8661, 0.4191 -0.3561 0.8661, 0.4408 -0.4511 0.8661, 0.4408 -0.427 0.8661, 0.4042 -0.4511 0.8661, 0.4088 -0.3469 0.8661, 0.4042 -0.3462 0.8661, 0.4088 -0.427 0.8661, 0.3928 -0.3488 0.8661, 0.3845 -0.3464 0.8661, 0.3823 -0.3462 0.8661, 0.3928 -0.3596 0.8661, 0.3914 -0.4243 0.8661, 0.3828 -0.4272 0.8661, 0.3364 -0.4511 0.8661, 0.3496 -0.4228 0.8661, 0.3431 -0.4174 0.8661, 0.3476 -0.4053 0.8661, 0.3515 -0.4107 0.8661, 0.3531 -0.4122 0.8661, 0.3583 -0.4159 0.8661, 0.3759 -0.419 0.8661, 0.3849 -0.4173 0.8661, 0.3928 -0.4138 0.8661, 0.3928 -0.4237 0.8661, 0.3706 -0.4283 0.8661, 0.3658 -0.4281 0.8661, 0.3571 -0.4263 0.8661, 0.3418 -0.416 0.8661, 0.3372 -0.409 0.8661, 0.3364 -0.4067 0.8661, 0.364 -0.4181 0.8661, 0.3721 -0.4191 0.8661, 0.3838 -0.3561 0.8661, 0.3511 -0.3649 0.8661, 0.3919 -0.3592 0.8661, 0.3473 -0.3706 0.8661, 0.3448 -0.3777 0.8661, 0.3739 -0.3549 0.8661, 0.3708 -0.355 0.8661, 0.3521 -0.3638 0.8661, 0.3639 -0.3563 0.8661, 0.3576 -0.3593 0.8661, 0.3437 -0.3878 0.8661, 0.3438 -0.3908 0.8661, 0.3451 -0.3988 0.8661, 0.374 -0.3456 0.8661, 0.4042 0.0301 0.8661, 0.3738 -0.3456 0.8661, 0.3364 0.0301 0.8661, 0.3683 -0.3462 0.8661, 0.3364 -0.3462 0.8661, 0.3386 -0.3649 0.8661, 0.3444 -0.3573 0.8661, 0.3463 -0.3555 0.8661, 0.3538 -0.3503 0.8661, 0.3621 -0.347 0.8661, 0.3316 -0.3462 0.8661, 0.3348 -0.3738 0.8661, 0.3364 -0.37 0.8661, 0.3341 -0.4004 0.8661, 0.3316 -0.4511 0.8661, 0.3328 -0.3885 0.8661, 0.333 -0.3843 0.8661, 0.532 -0.391 0.8661, 0.53 -0.4004 0.8661, 0.5261 -0.4086 0.8661, 0.5201 -0.4158 0.8661, 0.5037 -0.3462 0.8661, 0.5037 -0.3488 0.8661, 0.5344 -0.3462 0.8661, 0.5117 -0.3518 0.8661, 0.5278 -0.3671 0.8661, 0.5308 -0.3748 0.8661, 0.5322 -0.3859 0.8661, 0.5201 -0.3575 0.8661, 0.5229 -0.3602 0.8661, 0.5119 -0.4217 0.8661, 0.5037 -0.4249 0.8661, 0.5037 -0.4511 0.8661, 0.5028 -0.4253 0.8661, 0.489 -0.427 0.8661, 0.467 -0.427 0.8661, 0.4408 -0.4178 0.8661, 0.4408 -0.3909 0.8661, 0.4191 -0.4178 0.8661, 0.4191 -0.3909 0.8661, 0.467 -0.3469 0.8661, 0.4898 -0.3469 0.8661, 0.5021 -0.3483 0.8661, 0.367 -0.5535 0.8661, 0.3635 -0.5547 0.8661, 0.3759 -0.554 0.8661, 0.344 -0.5267 0.8661, 0.3456 -0.5106 0.8661, 0.342 -0.5296 0.8661, 0.3407 -0.5332 0.8661, 0.3707 -0.5511 0.8661, 0.355 -0.4968 0.8661, 0.3476 -0.4997 0.8661, 0.3456 -0.5008 0.8661, 0.3364 -0.5547 0.8661, 0.3481 -0.5531 0.8661, 0.3449 -0.5508 0.8661, 0.3471 -0.5241 0.8661, 0.3514 -0.5219 0.8661, 0.3526 -0.5062 0.8661, 0.359 -0.52 0.8661, 0.3678 -0.504 0.8661, 0.3643 -0.5036 0.8661, 0.3588 -0.5042 0.8661, 0.3435 -0.5494 0.8661, 0.3417 -0.5466 0.8661, 0.3405 -0.5432 0.8661, 0.3759 -0.5452 0.8661, 0.3757 -0.5452 0.8661, 0.3739 -0.5478 0.8661, 0.4011 -0.5056 0.8661, 0.3815 -0.5017 0.8661, 0.4 -0.5088 0.8661, 0.3836 -0.5049 0.8661, 0.3851 -0.5095 0.8661, 0.3653 -0.4955 0.8661, 0.3712 -0.496 0.8661, 0.3755 -0.4973 0.8661, 0.3759 -0.5176 0.8661, 0.3756 -0.5133 0.8661, 0.3746 -0.5097 0.8661, 0.3734 -0.5076 0.8661, 0.34 -0.5387 0.8661, 0.34 -0.5375 0.8661, 0.4041 -0.523 0.8661, 0.3995 -0.5416 0.8661, 0.4042 -0.5231 0.8661, 0.4031 -0.5439 0.8661, 0.4042 -0.5443 0.8661, 0.4029 -0.5028 0.8661, 0.3788 -0.4992 0.8661, 0.3719 -0.506 0.8661, 0.3701 -0.5048 0.8661, 0.4024 -0.5213 0.8661, 0.4012 -0.5193 0.8661, 0.386 -0.5172 0.8661, 0.4001 -0.5163 0.8661, 0.3996 -0.5122 0.8661, 0.3581 -0.5553 0.8661, 0.3364 -0.5864 0.8661, 0.3629 -0.5549 0.8661, 0.4042 -0.5864 0.8661, 0.3566 -0.5553 0.8661, 0.3525 -0.5547 0.8661, 0.3518 -0.5546 0.8661, 0.3995 -0.552 0.8661, 0.386 -0.554 0.8661, 0.4042 -0.5536 0.8661, 0.4042 -0.5547 0.8661, 0.4066 -0.5545 0.8661, 0.4086 -0.5547 0.8661, 0.4151 -0.5553 0.8661, 0.4354 -0.498 0.8661, 0.4354 -0.5078 0.8661, 0.4365 -0.5455 0.8661, 0.4347 -0.5481 0.8661, 0.4042 -0.5017 0.8661, 0.406 -0.5 0.8661, 0.4084 -0.4986 0.8661, 0.4377 -0.5423 0.8661, 0.4138 -0.4965 0.8661, 0.4219 -0.4955 0.8661, 0.4289 -0.4961 0.8661, 0.4317 -0.5508 0.8661, 0.4295 -0.5522 0.8661, 0.4348 -0.529 0.8661, 0.4366 -0.5315 0.8661, 0.4377 -0.5345 0.8661, 0.4382 -0.5384 0.8661, 0.4209 -0.5036 0.8661, 0.4179 -0.5039 0.8661, 0.4099 -0.5113 0.8661, 0.4152 -0.5046 0.8661, 0.413 -0.5058 0.8661, 0.41 -0.5127 0.8661, 0.4104 -0.5142 0.8661, 0.4112 -0.5156 0.8661, 0.4121 -0.5167 0.8661, 0.4157 -0.5189 0.8661, 0.4279 -0.5045 0.8661, 0.4219 -0.5216 0.8661, 0.4336 -0.5067 0.8661, 0.4258 -0.5231 0.8661, 0.4324 -0.5268 0.8661, 0.4115 -0.5071 0.8661, 0.4106 -0.5084 0.8661, 0.4101 -0.5097 0.8661, 0.4094 -0.5463 0.8661, 0.4148 -0.5289 0.8661, 0.4088 -0.5261 0.8661, 0.416 -0.5472 0.8661, 0.4165 -0.5472 0.8661, 0.4214 -0.5316 0.8661, 0.4216 -0.5466 0.8661, 0.4279 -0.5394 0.8661, 0.4278 -0.5382 0.8661, 0.4242 -0.5456 0.8661, 0.4251 -0.5451 0.8661, 0.4263 -0.5441 0.8661, 0.4272 -0.5428 0.8661, 0.4277 -0.5413 0.8661, 0.4273 -0.5366 0.8661, 0.4265 -0.5353 0.8661, 0.4253 -0.534 0.8661, 0.4879 -0.4968 0.8661, 0.4983 -0.4968 0.8661, 0.5037 -0.5547 0.8661, 0.4695 -0.5398 0.8661, 0.4708 -0.5445 0.8661, 0.471 -0.5445 0.8661, 0.4594 -0.5107 0.8661, 0.4723 -0.5399 0.8661, 0.4715 -0.5425 0.8661, 0.4594 -0.5547 0.8661, 0.4594 -0.5377 0.8661, 0.4434 -0.4968 0.8661, 0.4546 -0.4968 0.8661, 0.4658 -0.5539 0.8661, 0.4655 -0.5547 0.8661, 0.4614 -0.5643 0.8661, 0.4408 -0.5864 0.8661, 0.4454 -0.5801 0.8661, 0.4454 -0.5712 0.8661, 0.4475 -0.5719 0.8661, 0.4511 -0.5723 0.8661, 0.4519 -0.5723 0.8661, 0.4542 -0.5719 0.8661, 0.4563 -0.5709 0.8661, 0.4574 -0.5701 0.8661, 0.4593 -0.5681 0.8661, 0.4594 -0.5678 0.8661, 0.4594 -0.5791 0.8661, 0.456 -0.5805 0.8661, 0.4594 -0.5864 0.8661, 0.4519 -0.5809 0.8661, 0.4495 -0.5808 0.8661, 0.4723 -0.5626 0.8661, 0.4677 -0.5716 0.8661, 0.5037 -0.5864 0.8661, 0.4755 -0.5547 0.8661, 0.464 -0.576 0.8661, 0.4635 -0.5765 0.8661, 0.46 -0.5789 0.8661, 0.5194 -0.5179 0.8661, 0.5194 -0.5449 0.8661, 0.5344 -0.5179 0.8661, 0.5344 -0.5449 0.8661, 0.5481 -0.5179 0.8661, 0.5503 -0.4831 0.8661, 0.5597 -0.5547 0.8661, 0.5521 -0.5449 0.8661, 0.5521 -0.554 0.8661, 0.5503 -0.4739 0.8661, 0.5344 -0.5547 0.8661, 0.5481 -0.5088 0.8661, 0.5344 -0.5088 0.8661, 0.5344 -0.4831 0.8661, 0.5194 -0.5088 0.8661, 0.5194 -0.4831 0.8661, 0.5344 -0.554 0.8661, 0.5091 -0.554 0.8661, 0.6894 -0.5321 0.8661, 0.656 -0.5321 0.8661, 0.6975 -0.554 0.8661, 0.6483 -0.554 0.8661, 0.8033 -0.5547 0.8661, 0.6785 -0.4739 0.8661, 0.709 -0.554 0.8661, 0.6369 -0.554 0.8661, 0.6674 -0.4739 0.8661, 0.6303 -0.5274 0.8661, 0.6322 -0.518 0.8661, 0.6325 -0.5129 0.8661, 0.6311 -0.5018 0.8661, 0.6264 -0.5357 0.8661, 0.6204 -0.5428 0.8661, 0.6121 -0.5487 0.8661, 0.5673 -0.4739 0.8661, 0.5673 -0.554 0.8661, 0.5893 -0.554 0.8661, 0.603 -0.5523 0.8661, 0.6204 -0.4845 0.8661, 0.6231 -0.4872 0.8661, 0.6281 -0.4942 0.8661, 0.5901 -0.4739 0.8661, 0.6023 -0.4753 0.8661, 0.612 -0.4788 0.8661, 0.8033 -0.5864 0.8661, 0.5597 -0.5864 0.8661, 0.5344 -0.5864 0.8661, 0.8033 0.0301 0.8661, 0.5597 0.0301 0.8661, 0.5344 0.0301 0.8661, 0.5037 0.0301 0.8661, 0.4594 0.0301 0.8661, 0.4408 0.0301 0.8661, 0.8033 -0.636 0.8661, 0.5597 -0.636 0.8661, 0.5344 -0.636 0.8661, 0.5037 -0.636 0.8661, 0.4594 -0.636 0.8661, 0.4408 -0.636 0.8661, 0.4042 -0.636 0.8661, 0.3364 -0.636 0.8661, 0.3316 -0.5547 0.8661, 0.2873 -0.554 0.8661, 0.2873 -0.4739 0.8661, 0.3286 -0.4739 0.8661, 0.3286 -0.4831 0.8661, 0.2977 -0.5179 0.8661, 0.2977 -0.5449 0.8661, 0.3263 -0.5179 0.8661, 0.3304 -0.5449 0.8661, 0.3263 -0.5088 0.8661, 0.2977 -0.4831 0.8661, 0.2977 -0.5088 0.8661, 0.3304 -0.554 0.8661, 0.2873 -0.427 0.8661, 0.2873 -0.3469 0.8661, 0.3296 -0.427 0.8661, 0.3316 0.0301 0.8661, 0.8033 0.636 0.8661, 0.5597 0.636 0.8661, 0.5344 0.636 0.8661, 0.5037 0.636 0.8661, 0.4594 0.636 0.8661, 0.4408 0.636 0.8661, 0.4042 0.636 0.8661, 0.3364 0.636 0.8661, 0.3316 0.636 0.8661, 0.2545 0.636 0.8661, -0.3359 0.636 0.8661, -0.5409 0.425 0.8661, -0.5534 0.4087 0.8661, -0.5697 0.3962 0.8661, -0.5887 0.3883 0.8661, -0.5697 0.5325 0.8661, -0.5534 0.52 0.8661, -0.5409 0.5037 0.8661, -0.8033 -0.5864 0.8661, -0.8033 -0.5547 0.8661, -0.8033 -0.4511 0.8661, -0.8033 -0.3462 0.8661, -0.8033 0.0301 0.8661, -0.6091 0.3856 0.8661, -0.6295 0.3883 0.8661, -0.6484 0.3962 0.8661, -0.6647 0.4087 0.8661, -0.533 0.4847 0.8661, -0.5304 0.4644 0.8661, -0.533 0.444 0.8661, -0.6773 0.425 0.8661, -0.6851 0.444 0.8661, -0.8033 0.636 0.8661, -0.6878 0.4644 0.8661, -0.6851 0.4847 0.8661, -0.6773 0.5037 0.8661, -0.6647 0.52 0.8661, -0.6484 0.5325 0.8661, -0.6295 0.5404 0.8661, -0.6091 0.5431 0.8661, -0.5887 0.5404 0.8661, 0.8957 -0.6894 0.4528, 0.8957 -0.5787 0.4528, 0.8846 -0.5787 0.5315, 0.8423 -0.636 0.8323, 0.8846 -0.4213 0.5315, 0.8423 0.636 0.8323, 0.8957 0.5787 0.4528, 0.8957 0.6894 0.4528, 0.8846 0.5787 0.5315, 0.8846 0.4213 0.5315, 0.8957 0.4213 0.4528, 0.8957 -0.4213 0.4528, -0.8957 0.6894 0.4528, -0.8957 0.5787 0.4528, -0.8846 0.5787 0.5315, -0.8423 0.636 0.8323, -0.8846 0.4213 0.5315, -0.8423 -0.636 0.8323, -0.8957 -0.5787 0.4528, -0.8957 -0.6894 0.4528, -0.8846 -0.5787 0.5315, -0.8846 -0.4213 0.5315, -0.8957 -0.4213 0.4528, -0.8957 0.4213 0.4528, 0.8567 -0.7283 0.4528, -0.8567 -0.7283 0.4528, 0.7986 -0.6702 0.0394, -0.7986 -0.6702 0.0394, -0.8376 0.6313 0.0394, -0.8376 -0.6313 0.0394, 0.7986 0.6702 0.0394, -0.7986 0.6702 0.0394, 0.8567 0.7283 0.4528, -0.8567 0.7283 0.4528, 0.8376 -0.6313 0.0394, 0.8376 0.6313 0.0394, 0.8087 0.6689 0.0394, 0.8136 0.6673 0.0394, 0.8362 0.6414 0.0394, 0.8346 0.6462 0.0394, 0.8181 -0.6651 0.0394, 0.8136 -0.6673 0.0394, 0.8346 -0.6462 0.0394, 0.8362 -0.6414 0.0394, 0.8087 -0.6689 0.0394, -0.8087 -0.6689 0.0394, -0.8346 -0.6462 0.0394, -0.8362 -0.6414 0.0394, -0.8136 -0.6673 0.0394, -0.8181 -0.6651 0.0394, -0.8324 -0.6508 0.0394, -0.8362 0.6414 0.0394, -0.8136 0.6673 0.0394, -0.8087 0.6689 0.0394, 0.8324 0.6508 0.0394, 0.8181 0.6651 0.0394, 0.8296 0.655 0.0394, 0.8224 0.6622 0.0394, 0.8262 0.6589 0.0394, 0.8324 -0.6508 0.0394, 0.8296 -0.655 0.0394, 0.8224 -0.6622 0.0394, 0.8262 -0.6589 0.0394, -0.8296 -0.655 0.0394, -0.8224 -0.6622 0.0394, -0.8262 -0.6589 0.0394, -0.8346 0.6462 0.0394, -0.8324 0.6508 0.0394, -0.8181 0.6651 0.0394, -0.8296 0.655 0.0394, -0.8224 0.6622 0.0394, -0.8262 0.6589 0.0394, 0.8033 -0.675 0.8323, -0.8033 -0.675 0.8323, 0.8033 0.675 0.8323, -0.8033 0.675 0.8323, 0.8943 0.6995 0.4528, 0.8927 0.7043 0.4528, 0.8905 0.7089 0.4528, 0.8876 0.7131 0.4528, 0.8843 0.717 0.4528, 0.8805 0.7203 0.4528, 0.8762 0.7231 0.4528, 0.8717 0.7254 0.4528, 0.8668 0.727 0.4528, 0.8668 -0.727 0.4528, 0.8717 -0.7254 0.4528, 0.8762 -0.7231 0.4528, 0.8805 -0.7203 0.4528, 0.8843 -0.717 0.4528, 0.8876 -0.7131 0.4528, 0.8905 -0.7089 0.4528, 0.8927 -0.7043 0.4528, 0.8943 -0.6995 0.4528, 0.8133 0.6735 0.8334, 0.8134 0.6735 0.8334, 0.8226 0.6695 0.8342, 0.8227 0.6695 0.8342, 0.8307 0.6633 0.8344, 0.8368 0.6554 0.8342, 0.8369 0.6553 0.8342, 0.8408 0.6461 0.8334, 0.8408 0.646 0.8334, 0.8126 -0.636 0.865, 0.8126 0.636 0.865, 0.8127 0.636 0.865, 0.8127 -0.636 0.865, 0.8214 0.636 0.8617, 0.8214 -0.636 0.8617, 0.8215 0.636 0.8617, 0.8215 -0.636 0.8617, 0.8292 0.636 0.8565, 0.8292 -0.636 0.8565, 0.8293 0.636 0.8564, 0.8293 -0.636 0.8564, 0.8354 0.636 0.8495, 0.8354 -0.636 0.8495, 0.8356 0.636 0.8494, 0.8356 -0.636 0.8494, 0.8399 0.636 0.8413, 0.8399 -0.636 0.8413, 0.84 0.636 0.841, 0.84 -0.636 0.841, 0.8408 -0.646 0.8334, 0.8408 -0.6461 0.8334, 0.8369 -0.6553 0.8342, 0.8368 -0.6554 0.8342, 0.8307 -0.6633 0.8344, 0.8227 -0.6695 0.8342, 0.8226 -0.6695 0.8342, 0.8134 -0.6735 0.8334, 0.8133 -0.6735 0.8334, -0.8668 0.727 0.4528, -0.8717 0.7254 0.4528, -0.8762 0.7231 0.4528, -0.8805 0.7203 0.4528, -0.8843 0.717 0.4528, -0.8876 0.7131 0.4528, -0.8905 0.7089 0.4528, -0.8927 0.7043 0.4528, -0.8943 0.6995 0.4528, 0.8033 0.6681 0.8495, 0.8033 0.662 0.8564, 0.8101 0.6611 0.8564, 0.8081 0.6536 0.8617, 0.8058 0.6451 0.865, 0.808 0.6441 0.865, 0.8115 0.6407 0.865, 0.81 0.6426 0.865, 0.8124 0.6384 0.865, 0.8033 0.6453 0.865, 0.8128 0.6715 0.841, 0.8217 0.6678 0.841, 0.8293 0.662 0.841, 0.8351 0.6544 0.841, 0.8388 0.6455 0.841, 0.8033 0.6618 0.8565, 0.8033 0.6542 0.8617, 0.8033 0.6541 0.8617, 0.8033 0.6454 0.865, 0.8124 0.6518 0.8617, 0.8162 0.6489 0.8617, 0.8191 0.6451 0.8617, 0.8209 0.6407 0.8617, 0.8163 0.6585 0.8564, 0.8217 0.6544 0.8564, 0.8258 0.649 0.8564, 0.8284 0.6427 0.8564, 0.8033 0.6726 0.8413, 0.8033 0.6683 0.8494, 0.8117 0.6672 0.8494, 0.8195 0.664 0.8494, 0.8262 0.6588 0.8494, 0.8313 0.6521 0.8494, 0.8345 0.6444 0.8494, 0.8033 0.6727 0.841, 0.8284 -0.6427 0.8564, 0.8209 -0.6407 0.8617, 0.8124 -0.6384 0.865, 0.8115 -0.6407 0.865, 0.808 -0.6441 0.865, 0.81 -0.6426 0.865, 0.8058 -0.6451 0.865, 0.8388 -0.6455 0.841, 0.8351 -0.6544 0.841, 0.8293 -0.662 0.841, 0.8217 -0.6678 0.841, 0.8128 -0.6715 0.841, 0.8033 -0.6727 0.841, 0.8033 -0.6453 0.865, 0.8191 -0.6451 0.8617, 0.8162 -0.6489 0.8617, 0.8124 -0.6518 0.8617, 0.8081 -0.6536 0.8617, 0.8033 -0.6454 0.865, 0.8033 -0.6541 0.8617, 0.8033 -0.6542 0.8617, 0.8033 -0.6618 0.8565, 0.8258 -0.649 0.8564, 0.8217 -0.6544 0.8564, 0.8163 -0.6585 0.8564, 0.8101 -0.6611 0.8564, 0.8345 -0.6444 0.8494, 0.8313 -0.6521 0.8494, 0.8262 -0.6588 0.8494, 0.8195 -0.664 0.8494, 0.8117 -0.6672 0.8494, 0.8033 -0.662 0.8564, 0.8033 -0.6681 0.8495, 0.8033 -0.6683 0.8494, 0.8033 -0.6726 0.8413, -0.8943 -0.6995 0.4528, -0.8927 -0.7043 0.4528, -0.8905 -0.7089 0.4528, -0.8876 -0.7131 0.4528, -0.8843 -0.717 0.4528, -0.8805 -0.7203 0.4528, -0.8762 -0.7231 0.4528, -0.8717 -0.7254 0.4528, -0.8668 -0.727 0.4528, -0.8408 0.646 0.8334, -0.8408 0.6461 0.8334, -0.8369 0.6553 0.8342, -0.8368 0.6554 0.8342, -0.8307 0.6633 0.8344, -0.8227 0.6695 0.8342, -0.8226 0.6695 0.8342, -0.8134 0.6735 0.8334, -0.8133 0.6735 0.8334, -0.8033 0.6453 0.865, -0.8033 0.6454 0.865, -0.8033 0.6541 0.8617, -0.8033 0.6542 0.8617, -0.8033 0.6618 0.8565, -0.8033 0.662 0.8564, -0.8033 0.6681 0.8495, -0.8033 0.6683 0.8494, -0.8033 0.6726 0.8413, -0.8033 0.6727 0.841, -0.8033 -0.6453 0.865, -0.8033 -0.6454 0.865, -0.8033 -0.6541 0.8617, -0.8033 -0.6542 0.8617, -0.8033 -0.6618 0.8565, -0.8033 -0.662 0.8564, -0.8033 -0.6681 0.8495, -0.8033 -0.6683 0.8494, -0.8033 -0.6726 0.8413, -0.8033 -0.6727 0.841, -0.812 -0.6737 0.8333, -0.8133 -0.6735 0.8334, -0.82 -0.6706 0.834, -0.8226 -0.6695 0.8342, -0.8272 -0.666 0.8343, -0.8307 -0.6633 0.8344, -0.8333 -0.6599 0.8343, -0.8369 -0.6553 0.8342, -0.838 -0.6527 0.834, -0.8408 -0.646 0.8334, -0.841 -0.6446 0.8333, -0.8354 0.636 0.8495, -0.8293 0.636 0.8564, -0.8284 0.6427 0.8564, -0.8209 0.6407 0.8617, -0.8124 0.6384 0.865, -0.8115 0.6407 0.865, -0.808 0.6441 0.865, -0.81 0.6426 0.865, -0.8058 0.6451 0.865, -0.8126 0.636 0.865, -0.8388 0.6455 0.841, -0.8351 0.6544 0.841, -0.8293 0.662 0.841, -0.8217 0.6678 0.841, -0.8128 0.6715 0.841, -0.8292 0.636 0.8565, -0.8215 0.636 0.8617, -0.8214 0.636 0.8617, -0.8127 0.636 0.865, -0.8191 0.6451 0.8617, -0.8162 0.6489 0.8617, -0.8124 0.6518 0.8617, -0.8081 0.6536 0.8617, -0.8258 0.649 0.8564, -0.8217 0.6544 0.8564, -0.8163 0.6585 0.8564, -0.8101 0.6611 0.8564, -0.8399 0.636 0.8413, -0.8356 0.636 0.8494, -0.8345 0.6444 0.8494, -0.8313 0.6521 0.8494, -0.8262 0.6588 0.8494, -0.8195 0.664 0.8494, -0.8117 0.6672 0.8494, -0.84 0.636 0.841, -0.8105 -0.6675 0.8494, -0.8091 -0.6613 0.8564, -0.8074 -0.6537 0.8617, -0.8054 -0.6451 0.865, -0.8074 -0.6445 0.865, -0.8118 -0.6401 0.865, -0.8107 -0.6419 0.865, -0.8125 -0.6381 0.865, -0.8115 -0.6718 0.841, -0.8193 -0.6691 0.841, -0.8262 -0.6647 0.841, -0.832 -0.6589 0.841, -0.8364 -0.6519 0.841, -0.8391 -0.6442 0.841, -0.84 -0.636 0.841, -0.8126 -0.636 0.865, -0.8147 -0.6502 0.8617, -0.8176 -0.6474 0.8617, -0.8197 -0.6439 0.8617, -0.8211 -0.6401 0.8617, -0.8112 -0.6524 0.8617, -0.8092 -0.6433 0.865, -0.8127 -0.636 0.865, -0.8214 -0.636 0.8617, -0.8215 -0.636 0.8617, -0.8292 -0.636 0.8565, -0.8146 -0.6594 0.8564, -0.8195 -0.6563 0.8564, -0.8236 -0.6522 0.8564, -0.8267 -0.6473 0.8564, -0.8287 -0.6418 0.8564, -0.8173 -0.6651 0.8494, -0.8235 -0.6612 0.8494, -0.8286 -0.6561 0.8494, -0.8324 -0.65 0.8494, -0.8348 -0.6432 0.8494, -0.8293 -0.636 0.8564, -0.8354 -0.636 0.8495, -0.8356 -0.636 0.8494, -0.8399 -0.636 0.8413
            ]
        }
        coordIndex [
            0,1,2,-1,3,4,5,-1,6,7,8,-1,9,10,11,-1,12,13,14,-1,15,16,17,-1,17,16,18,-1,17,18,19,-1,19,20,17,-1,17,20,21,-1,17,21,22,-1,23,24,25,-1,25,24,26,-1,26,24,27,-1,26,27,28,-1,23,25,29,-1,29,25,30,-1,29,30,31,-1,30,32,33,-1,30,34,31,-1,31,34,35,-1,31,35,36,-1,36,35,37,-1,36,37,38,-1,33,39,30,-1,30,39,40,-1,30,40,34,-1,41,42,43,-1,43,42,44,-1,44,45,43,-1,43,45,46,-1,43,46,47,-1,47,46,48,-1,48,49,47,-1,47,49,50,-1,47,50,30,-1,30,50,51,-1,30,51,32,-1,52,41,53,-1,53,41,43,-1,53,43,54,-1,54,43,2,-1,54,2,55,-1,55,2,56,-1,6,57,58,-1,1,59,2,-1,2,59,60,-1,2,60,56,-1,58,61,6,-1,6,61,62,-1,6,62,1,-1,1,62,63,-1,1,63,59,-1,64,65,57,-1,57,65,66,-1,57,66,67,-1,67,68,57,-1,57,68,69,-1,57,69,58,-1,70,71,72,-1,72,71,73,-1,22,74,17,-1,17,74,75,-1,17,75,76,-1,76,75,77,-1,76,77,78,-1,79,80,65,-1,65,80,81,-1,65,81,82,-1,83,84,71,-1,71,84,85,-1,71,85,86,-1,87,88,89,-1,89,88,90,-1,91,92,64,-1,64,92,93,-1,64,93,94,-1,95,96,97,-1,97,96,98,-1,97,98,99,-1,100,86,101,-1,101,86,102,-1,101,102,97,-1,97,102,103,-1,97,103,95,-1,78,104,76,-1,76,104,105,-1,76,105,64,-1,64,105,106,-1,64,106,91,-1,94,107,64,-1,64,107,108,-1,64,108,65,-1,65,108,109,-1,65,109,79,-1,110,111,112,-1,112,111,113,-1,112,113,89,-1,89,113,114,-1,89,114,87,-1,100,115,86,-1,86,115,116,-1,86,116,71,-1,71,116,117,-1,71,117,73,-1,82,118,65,-1,65,118,119,-1,65,119,120,-1,120,119,110,-1,120,110,121,-1,121,110,112,-1,90,122,89,-1,89,122,123,-1,89,123,124,-1,125,126,89,-1,89,126,127,-1,89,127,71,-1,71,127,128,-1,71,128,83,-1,124,129,89,-1,89,129,130,-1,89,130,131,-1,131,132,89,-1,89,132,133,-1,89,133,125,-1,134,135,136,-1,137,138,139,-1,85,140,86,-1,86,140,141,-1,86,141,142,-1,143,140,139,-1,139,140,85,-1,139,85,144,-1,144,85,145,-1,145,146,144,-1,144,146,147,-1,144,147,148,-1,134,136,139,-1,139,136,149,-1,139,149,137,-1,138,150,139,-1,139,150,151,-1,139,151,152,-1,153,154,155,-1,155,154,156,-1,155,156,157,-1,152,158,139,-1,139,158,159,-1,139,159,143,-1,142,160,86,-1,86,160,155,-1,86,155,161,-1,161,155,157,-1,162,163,164,-1,164,163,165,-1,164,165,166,-1,167,168,169,-1,169,168,170,-1,169,170,171,-1,171,170,172,-1,173,11,174,-1,174,11,165,-1,174,165,175,-1,175,165,163,-1,176,177,178,-1,179,180,181,-1,181,180,182,-1,181,182,183,-1,184,180,185,-1,185,180,179,-1,185,179,186,-1,186,179,187,-1,186,187,188,-1,188,187,189,-1,178,177,190,-1,190,177,191,-1,190,191,192,-1,183,182,193,-1,193,182,194,-1,193,194,195,-1,196,194,197,-1,197,194,198,-1,191,195,192,-1,192,195,194,-1,192,194,199,-1,199,194,196,-1,200,201,192,-1,202,203,204,-1,205,206,199,-1,199,206,207,-1,199,207,208,-1,209,210,199,-1,199,210,211,-1,199,211,192,-1,192,211,212,-1,192,212,200,-1,213,214,202,-1,202,214,215,-1,202,215,203,-1,204,216,202,-1,202,216,217,-1,202,217,218,-1,208,219,199,-1,199,219,220,-1,199,220,209,-1,221,222,223,-1,223,222,224,-1,223,224,225,-1,221,226,222,-1,222,226,227,-1,222,227,228,-1,228,227,229,-1,228,229,230,-1,225,231,223,-1,223,231,232,-1,223,232,199,-1,199,232,233,-1,199,233,205,-1,234,235,236,-1,236,235,237,-1,236,237,238,-1,239,240,241,-1,241,242,239,-1,239,242,243,-1,239,243,244,-1,245,246,239,-1,239,246,247,-1,239,247,240,-1,218,248,249,-1,249,248,250,-1,249,250,245,-1,245,250,251,-1,245,251,246,-1,252,253,11,-1,11,253,254,-1,11,254,255,-1,256,257,258,-1,258,257,259,-1,260,261,258,-1,258,261,262,-1,259,263,258,-1,258,263,264,-1,258,264,260,-1,172,170,173,-1,173,170,258,-1,173,258,11,-1,11,258,262,-1,11,262,252,-1,265,266,267,-1,267,266,268,-1,269,270,178,-1,178,270,180,-1,178,180,176,-1,176,180,184,-1,176,184,271,-1,271,184,272,-1,271,272,273,-1,273,272,274,-1,270,275,180,-1,180,275,276,-1,180,276,256,-1,256,276,277,-1,256,277,257,-1,278,279,280,-1,281,282,283,-1,283,282,284,-1,278,280,285,-1,286,202,287,-1,287,202,288,-1,289,290,291,-1,281,292,282,-1,282,292,293,-1,282,293,294,-1,294,293,295,-1,296,297,295,-1,295,297,298,-1,295,298,294,-1,291,299,289,-1,289,299,300,-1,289,300,301,-1,302,303,280,-1,280,303,304,-1,280,304,285,-1,305,306,307,-1,307,306,308,-1,307,308,309,-1,286,310,202,-1,202,310,311,-1,202,311,312,-1,313,314,295,-1,295,314,315,-1,295,315,316,-1,301,317,289,-1,289,317,318,-1,289,318,202,-1,202,318,284,-1,202,284,288,-1,288,284,282,-1,319,320,321,-1,321,320,322,-1,321,322,323,-1,201,213,192,-1,192,213,202,-1,192,202,324,-1,324,202,312,-1,324,312,305,-1,305,312,325,-1,305,325,306,-1,316,326,295,-1,295,326,327,-1,295,327,296,-1,328,329,330,-1,330,329,331,-1,330,331,309,-1,309,331,332,-1,309,332,307,-1,333,334,335,-1,335,334,336,-1,335,336,279,-1,333,337,334,-1,334,337,338,-1,334,338,289,-1,289,338,339,-1,289,339,290,-1,319,328,320,-1,320,328,330,-1,320,330,340,-1,340,330,341,-1,340,341,342,-1,342,341,343,-1,342,343,344,-1,344,343,345,-1,346,345,336,-1,336,345,343,-1,336,343,279,-1,279,343,341,-1,279,341,280,-1,347,348,14,-1,349,350,14,-1,324,351,192,-1,192,351,352,-1,192,352,353,-1,349,14,354,-1,353,355,192,-1,192,355,356,-1,192,356,190,-1,190,356,357,-1,190,357,347,-1,350,358,14,-1,14,358,359,-1,14,359,12,-1,360,361,348,-1,348,361,362,-1,348,362,14,-1,14,362,363,-1,14,363,354,-1,364,365,366,-1,366,365,367,-1,366,367,368,-1,366,369,364,-1,364,369,370,-1,364,370,371,-1,371,372,364,-1,364,372,373,-1,364,373,374,-1,374,373,375,-1,374,375,376,-1,376,375,377,-1,376,377,348,-1,348,377,378,-1,348,378,360,-1,379,380,368,-1,368,380,381,-1,368,381,366,-1,382,383,323,-1,323,383,384,-1,323,384,321,-1,382,385,383,-1,383,385,386,-1,383,386,387,-1,387,386,388,-1,387,389,390,-1,388,391,387,-1,387,391,392,-1,387,392,393,-1,393,394,387,-1,387,394,395,-1,387,395,389,-1,390,396,387,-1,387,396,397,-1,387,397,398,-1,399,400,267,-1,267,400,401,-1,402,403,404,-1,268,269,267,-1,267,269,178,-1,267,178,399,-1,399,178,405,-1,399,405,406,-1,406,405,402,-1,406,402,407,-1,407,402,404,-1,408,409,14,-1,14,409,410,-1,347,14,190,-1,190,14,410,-1,190,410,178,-1,178,410,411,-1,178,411,405,-1,412,409,413,-1,413,409,408,-1,413,408,414,-1,415,416,417,-1,418,419,14,-1,346,336,13,-1,13,336,415,-1,13,415,14,-1,14,415,417,-1,14,417,418,-1,419,420,14,-1,14,420,421,-1,14,421,422,-1,422,423,14,-1,14,423,424,-1,14,424,408,-1,408,424,425,-1,408,425,414,-1,426,427,428,-1,428,427,429,-1,428,429,415,-1,415,429,430,-1,415,430,416,-1,431,432,433,-1,431,433,434,-1,432,435,433,-1,433,435,436,-1,433,436,428,-1,428,436,437,-1,428,437,426,-1,438,439,440,-1,440,439,441,-1,440,441,442,-1,443,444,165,-1,445,446,444,-1,11,10,165,-1,165,10,447,-1,165,447,443,-1,444,446,448,-1,441,445,442,-1,442,445,444,-1,442,444,449,-1,449,444,443,-1,449,443,450,-1,450,443,451,-1,450,451,452,-1,452,451,453,-1,446,454,448,-1,448,454,455,-1,448,455,401,-1,401,455,9,-1,401,9,267,-1,267,9,11,-1,267,11,265,-1,265,11,255,-1,456,457,458,-1,458,457,459,-1,460,167,461,-1,461,462,460,-1,460,462,458,-1,460,458,444,-1,444,458,459,-1,444,459,463,-1,169,166,167,-1,167,166,165,-1,167,165,461,-1,461,165,464,-1,465,463,466,-1,466,463,464,-1,466,464,467,-1,467,464,468,-1,465,469,463,-1,463,469,470,-1,463,470,471,-1,472,165,473,-1,473,165,444,-1,473,444,474,-1,474,444,463,-1,474,463,475,-1,475,463,471,-1,476,477,464,-1,464,477,478,-1,464,478,468,-1,472,479,165,-1,165,479,480,-1,165,480,464,-1,464,480,481,-1,464,481,476,-1,482,460,483,-1,483,460,444,-1,483,444,484,-1,484,444,448,-1,484,448,433,-1,433,448,401,-1,433,401,434,-1,434,401,400,-1,168,485,170,-1,170,485,486,-1,170,486,258,-1,258,486,487,-1,258,487,256,-1,256,487,488,-1,256,488,180,-1,180,488,489,-1,180,489,182,-1,182,489,490,-1,182,490,194,-1,194,490,235,-1,194,235,198,-1,198,235,234,-1,491,482,492,-1,492,482,483,-1,492,483,493,-1,493,483,484,-1,493,484,494,-1,494,484,433,-1,494,433,495,-1,495,433,428,-1,495,428,496,-1,496,428,415,-1,496,415,497,-1,497,415,336,-1,497,336,498,-1,498,336,334,-1,218,249,202,-1,202,249,499,-1,202,499,289,-1,289,499,8,-1,289,8,334,-1,334,8,7,-1,334,7,498,-1,6,8,57,-1,57,8,499,-1,57,499,64,-1,64,499,500,-1,64,500,76,-1,76,500,501,-1,76,501,249,-1,249,501,502,-1,249,502,503,-1,504,505,506,-1,506,505,507,-1,506,507,508,-1,509,510,503,-1,503,510,508,-1,503,508,249,-1,249,508,507,-1,249,507,499,-1,499,507,511,-1,499,511,500,-1,512,513,17,-1,17,513,3,-1,17,3,245,-1,245,3,5,-1,245,5,249,-1,249,5,514,-1,249,514,76,-1,76,514,512,-1,76,512,17,-1,244,238,239,-1,239,238,237,-1,239,237,245,-1,245,237,515,-1,245,515,17,-1,17,515,26,-1,17,26,15,-1,15,26,28,-1,485,516,486,-1,486,516,517,-1,486,517,487,-1,487,517,518,-1,487,518,488,-1,488,518,519,-1,488,519,489,-1,489,519,520,-1,489,520,490,-1,490,520,521,-1,490,521,235,-1,235,521,522,-1,235,522,237,-1,237,522,523,-1,237,523,515,-1,515,523,524,-1,515,524,26,-1,26,524,525,-1,26,525,25,-1,25,525,526,-1,527,528,25,-1,25,528,529,-1,25,529,530,-1,531,532,526,-1,526,532,533,-1,0,2,534,-1,534,2,43,-1,534,43,535,-1,535,43,47,-1,535,47,536,-1,536,47,30,-1,536,30,537,-1,537,30,25,-1,537,25,538,-1,538,25,530,-1,538,530,539,-1,539,540,538,-1,538,540,541,-1,538,541,542,-1,533,543,526,-1,526,543,544,-1,526,544,25,-1,25,544,545,-1,25,545,527,-1,542,546,538,-1,538,546,547,-1,538,547,548,-1,548,547,549,-1,548,549,550,-1,550,551,548,-1,548,551,552,-1,548,552,553,-1,553,554,548,-1,548,554,555,-1,548,555,526,-1,526,555,556,-1,526,556,531,-1,557,558,559,-1,557,559,560,-1,560,559,561,-1,560,561,562,-1,563,564,565,-1,565,564,562,-1,565,562,566,-1,566,562,561,-1,566,561,567,-1,567,561,568,-1,569,570,571,-1,569,571,572,-1,572,571,573,-1,572,573,574,-1,575,576,577,-1,577,576,574,-1,577,574,578,-1,578,574,573,-1,578,573,579,-1,579,573,580,-1,581,582,583,-1,583,582,584,-1,570,569,585,-1,576,575,586,-1,586,575,579,-1,586,579,585,-1,585,579,580,-1,585,580,570,-1,587,588,589,-1,589,588,590,-1,558,557,591,-1,564,563,592,-1,592,563,567,-1,592,567,591,-1,591,567,568,-1,591,568,558,-1,588,587,583,-1,583,587,592,-1,583,592,591,-1,587,593,592,-1,592,593,594,-1,592,594,595,-1,595,594,596,-1,597,598,599,-1,583,584,588,-1,588,584,586,-1,588,586,585,-1,591,600,583,-1,583,600,599,-1,583,599,601,-1,601,599,598,-1,602,603,584,-1,584,603,604,-1,584,604,586,-1,602,605,603,-1,603,605,606,-1,603,606,607,-1,608,609,585,-1,585,609,610,-1,585,610,588,-1,596,594,611,-1,611,594,612,-1,611,612,613,-1,613,612,614,-1,613,614,615,-1,599,616,597,-1,597,616,617,-1,597,617,618,-1,618,617,619,-1,607,606,620,-1,620,606,621,-1,620,621,622,-1,608,623,609,-1,609,623,624,-1,609,624,625,-1,625,624,626,-1,625,626,627,-1,627,626,628,-1,629,630,581,-1,581,630,582,-1,589,590,631,-1,631,590,632,-1,564,592,595,-1,564,595,633,-1,633,595,596,-1,633,596,634,-1,634,596,611,-1,634,611,635,-1,635,611,613,-1,635,613,636,-1,636,613,615,-1,636,615,637,-1,637,615,638,-1,638,615,614,-1,638,614,639,-1,639,614,612,-1,639,612,640,-1,640,612,594,-1,640,594,641,-1,594,593,641,-1,641,593,587,-1,641,587,589,-1,581,583,601,-1,581,601,642,-1,642,601,598,-1,642,598,643,-1,643,598,597,-1,643,597,644,-1,644,597,618,-1,644,618,645,-1,645,618,619,-1,645,619,646,-1,646,619,647,-1,647,619,617,-1,647,617,648,-1,648,617,616,-1,648,616,649,-1,649,616,599,-1,649,599,650,-1,599,600,650,-1,650,600,591,-1,650,591,557,-1,631,651,589,-1,589,651,641,-1,641,651,640,-1,640,651,652,-1,640,652,639,-1,639,652,653,-1,639,653,638,-1,638,653,654,-1,638,654,637,-1,637,654,655,-1,637,655,636,-1,636,655,656,-1,636,656,635,-1,635,656,657,-1,635,657,634,-1,634,657,658,-1,634,658,633,-1,658,659,633,-1,633,659,562,-1,633,562,564,-1,168,167,660,-1,168,660,485,-1,516,485,661,-1,661,485,660,-1,661,660,662,-1,662,660,663,-1,662,663,664,-1,664,663,665,-1,664,665,666,-1,666,665,667,-1,666,667,668,-1,668,667,669,-1,668,669,670,-1,670,669,671,-1,670,671,672,-1,672,671,673,-1,672,673,674,-1,674,673,675,-1,674,675,676,-1,676,675,677,-1,676,677,678,-1,678,677,679,-1,678,679,562,-1,562,679,560,-1,167,460,660,-1,660,460,482,-1,660,482,491,-1,560,680,557,-1,557,680,650,-1,650,680,649,-1,649,680,681,-1,649,681,648,-1,648,681,682,-1,648,682,647,-1,647,682,683,-1,647,683,646,-1,646,683,684,-1,646,684,645,-1,645,684,685,-1,645,685,644,-1,644,685,686,-1,644,686,643,-1,643,686,687,-1,643,687,642,-1,687,688,642,-1,642,688,629,-1,642,629,581,-1,590,588,610,-1,590,610,689,-1,689,610,609,-1,689,609,690,-1,690,609,625,-1,690,625,691,-1,691,625,627,-1,691,627,692,-1,692,627,628,-1,692,628,693,-1,693,628,694,-1,694,628,626,-1,694,626,695,-1,695,626,624,-1,695,624,696,-1,696,624,623,-1,696,623,697,-1,623,608,697,-1,697,608,585,-1,697,585,569,-1,698,699,700,-1,701,702,703,-1,516,704,705,-1,706,704,516,-1,703,702,516,-1,707,516,702,-1,708,652,651,-1,652,708,653,-1,653,708,709,-1,653,709,654,-1,654,709,710,-1,654,710,655,-1,655,710,711,-1,655,711,656,-1,656,711,657,-1,657,711,712,-1,657,712,658,-1,658,712,659,-1,659,712,678,-1,659,678,562,-1,661,706,516,-1,713,714,701,-1,701,714,715,-1,701,715,702,-1,702,715,716,-1,702,716,707,-1,717,705,718,-1,718,705,704,-1,718,704,719,-1,719,704,706,-1,719,706,720,-1,661,662,706,-1,706,662,664,-1,706,664,720,-1,720,664,666,-1,720,666,668,-1,700,717,721,-1,721,717,718,-1,721,718,722,-1,722,718,719,-1,722,719,723,-1,723,719,720,-1,723,720,724,-1,724,720,668,-1,725,726,727,-1,727,726,698,-1,698,700,727,-1,727,700,721,-1,727,721,728,-1,728,721,722,-1,728,722,729,-1,729,722,723,-1,729,723,730,-1,730,723,724,-1,730,724,731,-1,699,713,700,-1,700,713,701,-1,700,701,717,-1,717,701,703,-1,717,703,705,-1,705,703,516,-1,725,708,732,-1,732,708,651,-1,732,651,631,-1,668,670,724,-1,724,670,672,-1,724,672,731,-1,731,672,674,-1,731,674,676,-1,725,727,708,-1,708,727,728,-1,708,728,709,-1,709,728,729,-1,709,729,710,-1,710,729,730,-1,710,730,711,-1,711,730,731,-1,711,731,712,-1,712,731,676,-1,712,676,678,-1,673,671,733,-1,734,735,736,-1,491,737,738,-1,739,737,491,-1,736,735,491,-1,660,491,735,-1,740,681,680,-1,681,740,682,-1,682,740,741,-1,682,741,683,-1,683,741,742,-1,683,742,684,-1,684,742,743,-1,684,743,685,-1,685,743,686,-1,686,743,744,-1,686,744,687,-1,687,744,688,-1,688,744,745,-1,688,745,629,-1,746,739,491,-1,669,667,734,-1,734,667,665,-1,734,665,735,-1,735,665,663,-1,735,663,660,-1,747,738,748,-1,748,738,737,-1,748,737,749,-1,749,737,739,-1,749,739,750,-1,746,751,739,-1,739,751,752,-1,739,752,750,-1,750,752,753,-1,750,753,754,-1,733,747,755,-1,755,747,748,-1,755,748,756,-1,756,748,749,-1,756,749,757,-1,757,749,750,-1,757,750,758,-1,758,750,754,-1,677,675,759,-1,759,675,673,-1,673,733,759,-1,759,733,755,-1,759,755,760,-1,760,755,756,-1,760,756,761,-1,761,756,757,-1,761,757,762,-1,762,757,758,-1,762,758,763,-1,671,669,733,-1,733,669,734,-1,733,734,747,-1,747,734,736,-1,747,736,738,-1,738,736,491,-1,677,740,679,-1,679,740,680,-1,679,680,560,-1,754,764,758,-1,758,764,765,-1,758,765,763,-1,763,765,766,-1,763,766,767,-1,677,759,740,-1,740,759,760,-1,740,760,741,-1,741,760,761,-1,741,761,742,-1,742,761,762,-1,742,762,743,-1,743,762,763,-1,743,763,744,-1,744,763,767,-1,744,767,745,-1,576,586,604,-1,576,604,768,-1,768,604,603,-1,768,603,769,-1,769,603,607,-1,769,607,770,-1,770,607,620,-1,770,620,771,-1,771,620,622,-1,771,622,772,-1,772,622,773,-1,773,622,621,-1,773,621,774,-1,774,621,606,-1,774,606,775,-1,775,606,605,-1,775,605,776,-1,605,602,776,-1,776,602,584,-1,776,584,582,-1,572,777,569,-1,569,777,697,-1,697,777,696,-1,696,777,778,-1,696,778,695,-1,695,778,779,-1,695,779,694,-1,694,779,780,-1,694,780,693,-1,693,780,781,-1,693,781,692,-1,692,781,782,-1,692,782,691,-1,691,782,783,-1,691,783,690,-1,690,783,784,-1,690,784,689,-1,784,785,689,-1,689,785,632,-1,689,632,590,-1,786,707,787,-1,787,707,716,-1,787,716,788,-1,788,716,715,-1,788,715,789,-1,789,715,714,-1,789,714,790,-1,790,714,713,-1,790,713,791,-1,791,713,699,-1,791,699,792,-1,792,699,698,-1,792,698,793,-1,793,698,726,-1,793,726,794,-1,794,726,725,-1,794,725,795,-1,795,725,732,-1,795,732,632,-1,632,732,631,-1,523,522,707,-1,548,526,786,-1,786,526,525,-1,786,525,707,-1,707,525,524,-1,707,524,523,-1,522,521,707,-1,707,521,520,-1,707,520,519,-1,519,518,707,-1,707,518,517,-1,707,517,516,-1,746,796,751,-1,751,796,797,-1,751,797,752,-1,752,797,798,-1,752,798,753,-1,753,798,799,-1,753,799,754,-1,754,799,800,-1,754,800,764,-1,764,800,801,-1,764,801,765,-1,765,801,802,-1,765,802,766,-1,766,802,803,-1,766,803,767,-1,767,803,804,-1,767,804,745,-1,745,804,805,-1,745,805,629,-1,629,805,630,-1,491,492,746,-1,746,492,493,-1,746,493,494,-1,494,495,746,-1,746,495,496,-1,746,496,497,-1,1,0,796,-1,497,498,746,-1,746,498,7,-1,746,7,796,-1,796,7,6,-1,796,6,1,-1,582,630,806,-1,582,806,776,-1,776,806,807,-1,776,807,775,-1,775,807,808,-1,775,808,774,-1,774,808,809,-1,774,809,773,-1,773,809,810,-1,773,810,772,-1,772,810,811,-1,772,811,771,-1,771,811,812,-1,771,812,770,-1,770,812,813,-1,770,813,769,-1,769,813,814,-1,769,814,768,-1,768,814,815,-1,768,815,576,-1,576,815,816,-1,576,816,574,-1,817,818,819,-1,820,821,822,-1,548,823,824,-1,825,823,548,-1,822,821,548,-1,826,548,821,-1,827,778,777,-1,778,827,779,-1,779,827,828,-1,779,828,780,-1,780,828,829,-1,780,829,781,-1,781,829,830,-1,781,830,782,-1,782,830,783,-1,783,830,831,-1,783,831,784,-1,784,831,785,-1,785,831,795,-1,785,795,632,-1,786,825,548,-1,832,833,820,-1,820,833,834,-1,820,834,821,-1,821,834,835,-1,821,835,826,-1,836,824,837,-1,837,824,823,-1,837,823,838,-1,838,823,825,-1,838,825,839,-1,786,787,825,-1,825,787,788,-1,825,788,839,-1,839,788,789,-1,839,789,790,-1,819,836,840,-1,840,836,837,-1,840,837,841,-1,841,837,838,-1,841,838,842,-1,842,838,839,-1,842,839,843,-1,843,839,790,-1,844,845,846,-1,846,845,817,-1,817,819,846,-1,846,819,840,-1,846,840,847,-1,847,840,841,-1,847,841,848,-1,848,841,842,-1,848,842,849,-1,849,842,843,-1,849,843,850,-1,818,832,819,-1,819,832,820,-1,819,820,836,-1,836,820,822,-1,836,822,824,-1,824,822,548,-1,844,827,851,-1,851,827,777,-1,851,777,572,-1,790,791,843,-1,843,791,792,-1,843,792,850,-1,850,792,793,-1,850,793,794,-1,844,846,827,-1,827,846,847,-1,827,847,828,-1,828,847,848,-1,828,848,829,-1,829,848,849,-1,829,849,830,-1,830,849,850,-1,830,850,831,-1,831,850,794,-1,831,794,795,-1,804,803,852,-1,802,801,853,-1,854,855,856,-1,0,857,858,-1,859,857,0,-1,856,855,0,-1,796,0,855,-1,806,860,807,-1,807,860,861,-1,807,861,808,-1,808,861,809,-1,809,861,862,-1,809,862,810,-1,810,862,811,-1,811,862,863,-1,811,863,812,-1,812,863,813,-1,813,863,864,-1,813,864,814,-1,814,864,815,-1,815,864,865,-1,815,865,816,-1,816,865,866,-1,816,866,574,-1,867,859,0,-1,800,799,854,-1,854,799,798,-1,854,798,855,-1,855,798,797,-1,855,797,796,-1,868,858,869,-1,869,858,857,-1,869,857,870,-1,870,857,859,-1,870,859,871,-1,801,800,853,-1,853,800,854,-1,853,854,872,-1,872,854,856,-1,872,856,873,-1,873,856,0,-1,867,874,859,-1,859,874,875,-1,859,875,871,-1,871,875,876,-1,871,876,877,-1,878,868,879,-1,879,868,869,-1,879,869,880,-1,880,869,870,-1,880,870,881,-1,881,870,871,-1,881,871,882,-1,882,871,877,-1,852,878,883,-1,883,878,879,-1,883,879,884,-1,884,879,880,-1,884,880,885,-1,885,880,881,-1,885,881,886,-1,886,881,882,-1,886,882,887,-1,803,802,852,-1,852,802,853,-1,852,853,878,-1,878,853,872,-1,878,872,868,-1,868,872,873,-1,868,873,858,-1,858,873,0,-1,806,630,860,-1,860,630,805,-1,860,805,804,-1,877,888,882,-1,882,888,889,-1,882,889,887,-1,887,889,890,-1,887,890,891,-1,804,852,860,-1,860,852,883,-1,860,883,861,-1,861,883,884,-1,861,884,862,-1,862,884,885,-1,862,885,863,-1,863,885,886,-1,863,886,864,-1,864,886,887,-1,864,887,865,-1,865,887,891,-1,865,891,866,-1,538,548,826,-1,867,0,534,-1,534,535,867,-1,867,535,536,-1,867,536,537,-1,572,574,851,-1,851,574,866,-1,851,866,844,-1,844,866,891,-1,844,891,845,-1,845,891,890,-1,845,890,817,-1,817,890,889,-1,817,889,818,-1,818,889,888,-1,818,888,832,-1,832,888,877,-1,832,877,833,-1,833,877,876,-1,833,876,834,-1,834,876,875,-1,834,875,835,-1,835,875,874,-1,835,874,826,-1,826,874,867,-1,826,867,538,-1,538,867,537,-1,
        ]
    }
}
Shape{
    appearance Appearance {
        material  Material 	{
            diffuseColor 0.0 0.0 0.0
            specularColor 0.0 0.0 0.0
            ambientIntensity 0.0
            transparency 0.0
            shininess 0.5
        }
    }
    geometry IndexedFaceSet {
        ccw TRUE
        solid FALSE
        coord DEF co Coordinate {
            point [
                -0.6091 0.3856 0.8657, -0.6091 0.3856 0.8661, -0.5887 0.3883 0.8657, -0.5887 0.3883 0.8661, -0.5697 0.3962 0.8657, -0.5697 0.3962 0.8661, -0.5534 0.4087 0.8657, -0.5534 0.4087 0.8661, -0.5409 0.425 0.8657, -0.5409 0.425 0.8661, -0.533 0.444 0.8657, -0.533 0.444 0.8661, -0.5304 0.4644 0.8657, -0.5304 0.4644 0.8661, -0.533 0.4847 0.8657, -0.533 0.4847 0.8661, -0.5409 0.5037 0.8657, -0.5409 0.5037 0.8661, -0.5534 0.52 0.8657, -0.5534 0.52 0.8661, -0.5697 0.5325 0.8657, -0.5697 0.5325 0.8661, -0.5887 0.5404 0.8657, -0.5887 0.5404 0.8661, -0.6091 0.5431 0.8657, -0.6091 0.5431 0.8661, -0.6295 0.5404 0.8657, -0.6295 0.5404 0.8661, -0.6484 0.5325 0.8657, -0.6484 0.5325 0.8661, -0.6647 0.52 0.8657, -0.6647 0.52 0.8661, -0.6773 0.5037 0.8657, -0.6773 0.5037 0.8661, -0.6851 0.4847 0.8657, -0.6851 0.4847 0.8661, -0.6878 0.4644 0.8657, -0.6878 0.4644 0.8661, -0.6851 0.444 0.8657, -0.6851 0.444 0.8661, -0.6773 0.425 0.8657, -0.6773 0.425 0.8661, -0.6647 0.4087 0.8657, -0.6647 0.4087 0.8661, -0.6484 0.3962 0.8657, -0.6484 0.3962 0.8661, -0.6295 0.3883 0.8657, -0.6295 0.3883 0.8661, -0.6091 0.4644 0.8657
            ]
        }
        coordIndex [
            0,1,2,-1,2,1,3,-1,2,3,4,-1,4,3,5,-1,4,5,6,-1,6,5,7,-1,6,7,8,-1,8,7,9,-1,8,9,10,-1,10,9,11,-1,10,11,12,-1,12,11,13,-1,12,13,14,-1,14,13,15,-1,14,15,16,-1,16,15,17,-1,16,17,18,-1,18,17,19,-1,18,19,20,-1,20,19,21,-1,20,21,22,-1,22,21,23,-1,22,23,24,-1,24,23,25,-1,24,25,26,-1,26,25,27,-1,26,27,28,-1,28,27,29,-1,28,29,30,-1,30,29,31,-1,30,31,32,-1,32,31,33,-1,32,33,34,-1,34,33,35,-1,34,35,36,-1,36,35,37,-1,36,37,38,-1,38,37,39,-1,38,39,40,-1,40,39,41,-1,40,41,42,-1,42,41,43,-1,42,43,44,-1,44,43,45,-1,44,45,46,-1,46,45,47,-1,46,47,0,-1,0,47,1,-1,44,46,48,-1,48,46,0,-1,48,0,2,-1,38,40,48,-1,48,40,42,-1,48,42,44,-1,32,34,48,-1,48,34,36,-1,48,36,38,-1,26,28,48,-1,48,28,30,-1,48,30,32,-1,20,22,48,-1,48,22,24,-1,48,24,26,-1,14,16,48,-1,48,16,18,-1,48,18,20,-1,8,10,48,-1,48,10,12,-1,48,12,14,-1,2,4,48,-1,48,4,6,-1,48,6,8,-1,
        ]
    }
}
Shape{
    appearance Appearance {
        material  Material 	{
            diffuseColor 1.0 1.0 1.0
            specularColor 0.5019607843137255 0.5019607843137255 0.5019607843137255
            ambientIntensity 1.0
            transparency 0.0
            shininess 0.5
        }
    }
    geometry IndexedFaceSet {
        ccw TRUE
        solid FALSE
        coord DEF co Coordinate {
            point [
                -0.9628 -0.5787 0.4528, -0.9628 -0.4213 0.4528, -0.8957 -0.5787 0.4528, -0.8957 -0.4213 0.4528, -0.8846 -0.4213 0.5315, -0.9628 -0.4213 0.5315, -0.8846 -0.5787 0.5315, -0.9628 -0.5787 0.5315, -1.378 -0.5787 0.0787, -1.378 -0.5787 0.0, -1.1417 -0.5787 0.0787, -1.1417 -0.5787 0.0, -1.1236 -0.5787 0.0021, -1.1064 -0.5787 0.0084, -1.0911 -0.5787 0.0184, -1.0786 -0.5787 0.0317, -0.9719 -0.5787 0.4517, -0.99 -0.5787 0.5283, -0.9805 -0.5787 0.4486, -1.0158 -0.5787 0.5189, -0.9881 -0.5787 0.4435, -1.0387 -0.5787 0.5039, -0.9944 -0.5787 0.4369, -1.0575 -0.5787 0.4839, -0.9989 -0.5787 0.429, -1.0712 -0.5787 0.4602, -1.0016 -0.5787 0.4202, -1.0791 -0.5787 0.4339, -1.0642 -0.5787 0.0651, -1.0694 -0.5787 0.0476, -1.378 -0.4213 0.0, -1.378 -0.4213 0.0787, -1.1417 -0.4213 0.0, -1.1417 -0.4213 0.0787, -1.1236 -0.4213 0.0021, -1.1064 -0.4213 0.0084, -1.0694 -0.4213 0.0476, -1.0786 -0.4213 0.0317, -1.0911 -0.4213 0.0184, -0.99 -0.4213 0.5283, -0.9719 -0.4213 0.4517, -1.0158 -0.4213 0.5189, -0.9805 -0.4213 0.4486, -1.0387 -0.4213 0.5039, -0.9881 -0.4213 0.4435, -1.0575 -0.4213 0.4839, -0.9944 -0.4213 0.4369, -1.0712 -0.4213 0.4602, -0.9989 -0.4213 0.429, -1.0791 -0.4213 0.4339, -1.0016 -0.4213 0.4202, -1.0642 -0.4213 0.0651, -0.9628 0.5787 0.5315, -0.9628 0.4213 0.5315, -0.8846 0.5787 0.5315, -0.8846 0.4213 0.5315, -1.378 0.5787 0.0, -1.378 0.5787 0.0787, -1.1417 0.5787 0.0, -1.1417 0.5787 0.0787, -1.1236 0.5787 0.0021, -1.1064 0.5787 0.0084, -1.0694 0.5787 0.0476, -1.0786 0.5787 0.0317, -1.0911 0.5787 0.0184, -0.8957 0.5787 0.4528, -0.9628 0.5787 0.4528, -0.99 0.5787 0.5283, -0.9719 0.5787 0.4517, -1.0158 0.5787 0.5189, -0.9805 0.5787 0.4486, -1.0387 0.5787 0.5039, -0.9881 0.5787 0.4435, -1.0575 0.5787 0.4839, -0.9944 0.5787 0.4369, -1.0712 0.5787 0.4602, -0.9989 0.5787 0.429, -1.0791 0.5787 0.4339, -1.0016 0.5787 0.4202, -1.0642 0.5787 0.0651, -1.378 0.4213 0.0787, -1.378 0.4213 0.0, -1.1417 0.4213 0.0787, -1.1417 0.4213 0.0, -1.1236 0.4213 0.0021, -1.1064 0.4213 0.0084, -1.0911 0.4213 0.0184, -1.0786 0.4213 0.0317, -0.8957 0.4213 0.4528, -0.9628 0.4213 0.4528, -0.9719 0.4213 0.4517, -0.99 0.4213 0.5283, -0.9805 0.4213 0.4486, -1.0158 0.4213 0.5189, -0.9881 0.4213 0.4435, -1.0387 0.4213 0.5039, -0.9944 0.4213 0.4369, -1.0575 0.4213 0.4839, -0.9989 0.4213 0.429, -1.0712 0.4213 0.4602, -1.0016 0.4213 0.4202, -1.0791 0.4213 0.4339, -1.0642 0.4213 0.0651, -1.0694 0.4213 0.0476, 0.9628 0.5787 0.4528, 0.9628 0.4213 0.4528, 0.8957 0.5787 0.4528, 0.8957 0.4213 0.4528, 0.8846 0.4213 0.5315, 0.9628 0.4213 0.5315, 0.8846 0.5787 0.5315, 0.9628 0.5787 0.5315, 1.378 0.5787 0.0787, 1.378 0.5787 0.0, 1.1417 0.5787 0.0787, 1.1417 0.5787 0.0, 1.1236 0.5787 0.0021, 1.1064 0.5787 0.0084, 1.0911 0.5787 0.0184, 1.0786 0.5787 0.0317, 0.9719 0.5787 0.4517, 0.99 0.5787 0.5283, 0.9805 0.5787 0.4486, 1.0158 0.5787 0.5189, 0.9881 0.5787 0.4435, 1.0387 0.5787 0.5039, 0.9944 0.5787 0.4369, 1.0575 0.5787 0.4839, 0.9989 0.5787 0.429, 1.0712 0.5787 0.4602, 1.0016 0.5787 0.4202, 1.0791 0.5787 0.4339, 1.0642 0.5787 0.0651, 1.0694 0.5787 0.0476, 1.378 0.4213 0.0, 1.378 0.4213 0.0787, 1.1417 0.4213 0.0, 1.1417 0.4213 0.0787, 1.1236 0.4213 0.0021, 1.1064 0.4213 0.0084, 1.0694 0.4213 0.0476, 1.0786 0.4213 0.0317, 1.0911 0.4213 0.0184, 0.99 0.4213 0.5283, 0.9719 0.4213 0.4517, 1.0158 0.4213 0.5189, 0.9805 0.4213 0.4486, 1.0387 0.4213 0.5039, 0.9881 0.4213 0.4435, 1.0575 0.4213 0.4839, 0.9944 0.4213 0.4369, 1.0712 0.4213 0.4602, 0.9989 0.4213 0.429, 1.0791 0.4213 0.4339, 1.0016 0.4213 0.4202, 1.0642 0.4213 0.0651, 0.9628 -0.5787 0.5315, 0.9628 -0.4213 0.5315, 0.8846 -0.5787 0.5315, 0.8846 -0.4213 0.5315, 1.378 -0.5787 0.0, 1.378 -0.5787 0.0787, 1.1417 -0.5787 0.0, 1.1417 -0.5787 0.0787, 1.1236 -0.5787 0.0021, 1.1064 -0.5787 0.0084, 1.0694 -0.5787 0.0476, 1.0786 -0.5787 0.0317, 1.0911 -0.5787 0.0184, 0.8957 -0.5787 0.4528, 0.9628 -0.5787 0.4528, 0.99 -0.5787 0.5283, 0.9719 -0.5787 0.4517, 1.0158 -0.5787 0.5189, 0.9805 -0.5787 0.4486, 1.0387 -0.5787 0.5039, 0.9881 -0.5787 0.4435, 1.0575 -0.5787 0.4839, 0.9944 -0.5787 0.4369, 1.0712 -0.5787 0.4602, 0.9989 -0.5787 0.429, 1.0791 -0.5787 0.4339, 1.0016 -0.5787 0.4202, 1.0642 -0.5787 0.0651, 1.378 -0.4213 0.0787, 1.378 -0.4213 0.0, 1.1417 -0.4213 0.0787, 1.1417 -0.4213 0.0, 1.1236 -0.4213 0.0021, 1.1064 -0.4213 0.0084, 1.0911 -0.4213 0.0184, 1.0786 -0.4213 0.0317, 0.8957 -0.4213 0.4528, 0.9628 -0.4213 0.4528, 0.9719 -0.4213 0.4517, 0.99 -0.4213 0.5283, 0.9805 -0.4213 0.4486, 1.0158 -0.4213 0.5189, 0.9881 -0.4213 0.4435, 1.0387 -0.4213 0.5039, 0.9944 -0.4213 0.4369, 1.0575 -0.4213 0.4839, 0.9989 -0.4213 0.429, 1.0712 -0.4213 0.4602, 1.0016 -0.4213 0.4202, 1.0791 -0.4213 0.4339, 1.0642 -0.4213 0.0651, 1.0694 -0.4213 0.0476, 0.3296 -0.4178 0.8701, 0.3296 -0.427 0.8701, 0.3296 -0.4178 0.8661, 0.3296 -0.427 0.8661, 0.2977 -0.4178 0.8701, 0.2977 -0.4178 0.8661, 0.2977 -0.3469 0.8701, 0.2977 -0.3469 0.8661, 0.2873 -0.3469 0.8701, 0.2873 -0.3469 0.8661, 0.2873 -0.427 0.8701, 0.2873 -0.427 0.8661, 0.3706 -0.4283 0.8701, 0.3706 -0.4283 0.8661, 0.3828 -0.4272 0.8661, 0.3828 -0.4272 0.8701, 0.3914 -0.4243 0.8661, 0.3914 -0.4243 0.8701, 0.3928 -0.4237 0.8661, 0.3928 -0.4237 0.8701, 0.3928 -0.4138 0.8701, 0.3928 -0.4138 0.8661, 0.3849 -0.4173 0.8661, 0.3849 -0.4173 0.8701, 0.3759 -0.419 0.8661, 0.3759 -0.419 0.8701, 0.3721 -0.4191 0.8661, 0.3721 -0.4191 0.8701, 0.364 -0.4181 0.8661, 0.364 -0.4181 0.8701, 0.3583 -0.4159 0.8661, 0.3583 -0.4159 0.8701, 0.3531 -0.4122 0.8661, 0.3531 -0.4122 0.8701, 0.3515 -0.4107 0.8661, 0.3515 -0.4107 0.8701, 0.3476 -0.4053 0.8661, 0.3476 -0.4053 0.8701, 0.3451 -0.3988 0.8661, 0.3451 -0.3988 0.8701, 0.3438 -0.3908 0.8661, 0.3438 -0.3908 0.8701, 0.3437 -0.3878 0.8661, 0.3437 -0.3878 0.8701, 0.3448 -0.3777 0.8661, 0.3448 -0.3777 0.8701, 0.3473 -0.3706 0.8661, 0.3473 -0.3706 0.8701, 0.3511 -0.3649 0.8661, 0.3511 -0.3649 0.8701, 0.3521 -0.3638 0.8661, 0.3521 -0.3638 0.8701, 0.3576 -0.3593 0.8661, 0.3576 -0.3593 0.8701, 0.3639 -0.3563 0.8661, 0.3639 -0.3563 0.8701, 0.3708 -0.355 0.8661, 0.3708 -0.355 0.8701, 0.3739 -0.3549 0.8661, 0.3739 -0.3549 0.8701, 0.3838 -0.3561 0.8661, 0.3838 -0.3561 0.8701, 0.3919 -0.3592 0.8661, 0.3919 -0.3592 0.8701, 0.3928 -0.3596 0.8661, 0.3928 -0.3596 0.8701, 0.3928 -0.3488 0.8701, 0.3928 -0.3488 0.8661, 0.3738 -0.3456 0.8661, 0.3738 -0.3456 0.8701, 0.374 -0.3456 0.8701, 0.3845 -0.3464 0.8661, 0.3845 -0.3464 0.8701, 0.3823 -0.3462 0.8661, 0.374 -0.3456 0.8661, 0.3683 -0.3462 0.8661, 0.3621 -0.347 0.8701, 0.3621 -0.347 0.8661, 0.3538 -0.3503 0.8661, 0.3538 -0.3503 0.8701, 0.3463 -0.3555 0.8661, 0.3463 -0.3555 0.8701, 0.3444 -0.3573 0.8661, 0.3444 -0.3573 0.8701, 0.3386 -0.3649 0.8661, 0.3364 -0.37 0.8661, 0.3348 -0.3738 0.8701, 0.3386 -0.3649 0.8701, 0.3348 -0.3738 0.8661, 0.333 -0.3843 0.8661, 0.333 -0.3843 0.8701, 0.3328 -0.3885 0.8661, 0.3328 -0.3885 0.8701, 0.3341 -0.4004 0.8661, 0.3364 -0.4067 0.8661, 0.3372 -0.409 0.8701, 0.3341 -0.4004 0.8701, 0.3372 -0.409 0.8661, 0.3418 -0.416 0.8661, 0.3418 -0.416 0.8701, 0.3431 -0.4174 0.8661, 0.3431 -0.4174 0.8701, 0.3496 -0.4228 0.8661, 0.3496 -0.4228 0.8701, 0.3571 -0.4263 0.8661, 0.3571 -0.4263 0.8701, 0.3658 -0.4281 0.8661, 0.3658 -0.4281 0.8701, 0.4519 -0.4178 0.8701, 0.4519 -0.427 0.8701, 0.4519 -0.4178 0.8661, 0.4519 -0.427 0.8661, 0.4191 -0.4178 0.8661, 0.4191 -0.4178 0.8701, 0.4408 -0.4178 0.8661, 0.4191 -0.3909 0.8701, 0.4191 -0.3909 0.8661, 0.4478 -0.3909 0.8701, 0.4408 -0.3909 0.8661, 0.4478 -0.3909 0.8661, 0.4478 -0.3817 0.8701, 0.4478 -0.3817 0.8661, 0.4191 -0.3817 0.8661, 0.4191 -0.3817 0.8701, 0.4408 -0.3817 0.8661, 0.4191 -0.3561 0.8701, 0.4191 -0.3561 0.8661, 0.4501 -0.3561 0.8701, 0.4408 -0.3561 0.8661, 0.4501 -0.3561 0.8661, 0.4501 -0.3469 0.8701, 0.4501 -0.3469 0.8661, 0.4088 -0.3469 0.8661, 0.4088 -0.3469 0.8701, 0.4408 -0.3469 0.8661, 0.4088 -0.427 0.8701, 0.4088 -0.427 0.8661, 0.4408 -0.427 0.8661, 0.5168 -0.4045 0.8701, 0.5128 -0.4095 0.8701, 0.5201 -0.4158 0.8701, 0.5113 -0.4108 0.8701, 0.5119 -0.4217 0.8701, 0.506 -0.4143 0.8701, 0.5028 -0.4253 0.8701, 0.4991 -0.4167 0.8701, 0.489 -0.427 0.8701, 0.489 -0.4178 0.8701, 0.467 -0.427 0.8701, 0.4773 -0.4178 0.8701, 0.467 -0.3469 0.8701, 0.4773 -0.3561 0.8701, 0.4898 -0.3469 0.8701, 0.4894 -0.3561 0.8701, 0.5021 -0.3483 0.8701, 0.4997 -0.3573 0.8701, 0.5117 -0.3518 0.8701, 0.5067 -0.3598 0.8701, 0.5201 -0.3575 0.8701, 0.5125 -0.3636 0.8701, 0.5229 -0.3602 0.8701, 0.5152 -0.3663 0.8701, 0.5278 -0.3671 0.8701, 0.5182 -0.3709 0.8701, 0.5308 -0.3748 0.8701, 0.5203 -0.377 0.8701, 0.5322 -0.3859 0.8701, 0.5213 -0.3862 0.8701, 0.532 -0.391 0.8701, 0.5211 -0.3913 0.8701, 0.53 -0.4004 0.8701, 0.5195 -0.3986 0.8701, 0.5261 -0.4086 0.8701, 0.489 -0.427 0.8661, 0.467 -0.427 0.8661, 0.5201 -0.4158 0.8661, 0.5028 -0.4253 0.8661, 0.5037 -0.4249 0.8661, 0.5119 -0.4217 0.8661, 0.5261 -0.4086 0.8661, 0.53 -0.4004 0.8661, 0.532 -0.391 0.8661, 0.5322 -0.3859 0.8661, 0.5308 -0.3748 0.8661, 0.5278 -0.3671 0.8661, 0.5229 -0.3602 0.8661, 0.5201 -0.3575 0.8661, 0.4898 -0.3469 0.8661, 0.5117 -0.3518 0.8661, 0.5037 -0.3488 0.8661, 0.5021 -0.3483 0.8661, 0.467 -0.3469 0.8661, 0.4894 -0.3561 0.8661, 0.4773 -0.3561 0.8661, 0.4773 -0.4178 0.8661, 0.489 -0.4178 0.8661, 0.5128 -0.4095 0.8661, 0.5113 -0.4108 0.8661, 0.506 -0.4143 0.8661, 0.4991 -0.4167 0.8661, 0.5213 -0.3862 0.8661, 0.5211 -0.3913 0.8661, 0.5195 -0.3986 0.8661, 0.5168 -0.4045 0.8661, 0.5125 -0.3636 0.8661, 0.5152 -0.3663 0.8661, 0.5182 -0.3709 0.8661, 0.5203 -0.377 0.8661, 0.4997 -0.3573 0.8661, 0.5067 -0.3598 0.8661
            ]
        }
        coordIndex [
            0,1,2,-1,2,1,3,-1,4,5,6,-1,6,5,7,-1,8,9,10,-1,10,9,11,-1,10,11,12,-1,12,13,10,-1,10,13,14,-1,10,14,15,-1,2,6,0,-1,0,6,7,-1,0,7,16,-1,16,7,17,-1,16,17,18,-1,18,17,19,-1,18,19,20,-1,20,19,21,-1,20,21,22,-1,22,21,23,-1,22,23,24,-1,24,23,25,-1,24,25,26,-1,26,25,27,-1,26,27,28,-1,28,27,10,-1,28,10,29,-1,29,10,15,-1,30,31,32,-1,32,31,33,-1,32,33,34,-1,34,33,35,-1,36,37,33,-1,33,37,38,-1,33,38,35,-1,4,3,5,-1,5,3,1,-1,5,1,39,-1,39,1,40,-1,39,40,41,-1,41,40,42,-1,41,42,43,-1,43,42,44,-1,43,44,45,-1,45,44,46,-1,45,46,47,-1,47,46,48,-1,47,48,49,-1,49,48,50,-1,49,50,33,-1,33,50,51,-1,33,51,36,-1,8,10,31,-1,31,10,33,-1,9,8,30,-1,30,8,31,-1,11,9,32,-1,32,9,30,-1,11,32,34,-1,11,34,12,-1,12,34,35,-1,12,35,13,-1,13,35,38,-1,13,38,14,-1,14,38,37,-1,14,37,15,-1,15,37,36,-1,15,36,29,-1,29,36,51,-1,29,51,28,-1,26,28,50,-1,50,28,51,-1,26,50,24,-1,24,50,48,-1,24,48,22,-1,22,48,46,-1,22,46,20,-1,20,46,44,-1,20,44,18,-1,18,44,42,-1,18,42,16,-1,16,42,40,-1,16,40,0,-1,0,40,1,-1,7,5,39,-1,7,39,17,-1,17,39,41,-1,17,41,19,-1,19,41,43,-1,19,43,21,-1,21,43,45,-1,21,45,23,-1,23,45,47,-1,23,47,25,-1,25,47,49,-1,25,49,27,-1,10,27,33,-1,33,27,49,-1,52,53,54,-1,54,53,55,-1,56,57,58,-1,58,57,59,-1,58,59,60,-1,60,59,61,-1,62,63,59,-1,59,63,64,-1,59,64,61,-1,54,65,52,-1,52,65,66,-1,52,66,67,-1,67,66,68,-1,67,68,69,-1,69,68,70,-1,69,70,71,-1,71,70,72,-1,71,72,73,-1,73,72,74,-1,73,74,75,-1,75,74,76,-1,75,76,77,-1,77,76,78,-1,77,78,59,-1,59,78,79,-1,59,79,62,-1,80,81,82,-1,82,81,83,-1,82,83,84,-1,84,85,82,-1,82,85,86,-1,82,86,87,-1,88,55,89,-1,89,55,53,-1,89,53,90,-1,90,53,91,-1,90,91,92,-1,92,91,93,-1,92,93,94,-1,94,93,95,-1,94,95,96,-1,96,95,97,-1,96,97,98,-1,98,97,99,-1,98,99,100,-1,100,99,101,-1,100,101,102,-1,102,101,82,-1,102,82,103,-1,103,82,87,-1,59,57,82,-1,82,57,80,-1,77,59,101,-1,101,59,82,-1,77,101,99,-1,77,99,75,-1,75,99,97,-1,75,97,73,-1,73,97,95,-1,73,95,71,-1,71,95,93,-1,71,93,69,-1,69,93,91,-1,69,91,67,-1,67,91,53,-1,67,53,52,-1,89,66,88,-1,88,66,65,-1,66,89,68,-1,68,89,90,-1,68,90,70,-1,70,90,92,-1,70,92,72,-1,72,92,94,-1,72,94,74,-1,74,94,96,-1,74,96,76,-1,76,96,98,-1,76,98,78,-1,78,98,100,-1,79,78,102,-1,102,78,100,-1,79,102,103,-1,79,103,62,-1,62,103,87,-1,62,87,63,-1,63,87,86,-1,63,86,64,-1,64,86,85,-1,64,85,61,-1,61,85,84,-1,61,84,60,-1,60,84,83,-1,60,83,58,-1,56,58,81,-1,81,58,83,-1,57,56,80,-1,80,56,81,-1,104,105,106,-1,106,105,107,-1,108,109,110,-1,110,109,111,-1,112,113,114,-1,114,113,115,-1,114,115,116,-1,116,117,114,-1,114,117,118,-1,114,118,119,-1,106,110,104,-1,104,110,111,-1,104,111,120,-1,120,111,121,-1,120,121,122,-1,122,121,123,-1,122,123,124,-1,124,123,125,-1,124,125,126,-1,126,125,127,-1,126,127,128,-1,128,127,129,-1,128,129,130,-1,130,129,131,-1,130,131,132,-1,132,131,114,-1,132,114,133,-1,133,114,119,-1,134,135,136,-1,136,135,137,-1,136,137,138,-1,138,137,139,-1,140,141,137,-1,137,141,142,-1,137,142,139,-1,108,107,109,-1,109,107,105,-1,109,105,143,-1,143,105,144,-1,143,144,145,-1,145,144,146,-1,145,146,147,-1,147,146,148,-1,147,148,149,-1,149,148,150,-1,149,150,151,-1,151,150,152,-1,151,152,153,-1,153,152,154,-1,153,154,137,-1,137,154,155,-1,137,155,140,-1,112,114,135,-1,135,114,137,-1,113,112,134,-1,134,112,135,-1,115,113,136,-1,136,113,134,-1,115,136,138,-1,115,138,116,-1,116,138,139,-1,116,139,117,-1,117,139,142,-1,117,142,118,-1,118,142,141,-1,118,141,119,-1,119,141,140,-1,119,140,133,-1,133,140,155,-1,133,155,132,-1,130,132,154,-1,154,132,155,-1,130,154,128,-1,128,154,152,-1,128,152,126,-1,126,152,150,-1,126,150,124,-1,124,150,148,-1,124,148,122,-1,122,148,146,-1,122,146,120,-1,120,146,144,-1,120,144,104,-1,104,144,105,-1,111,109,143,-1,111,143,121,-1,121,143,145,-1,121,145,123,-1,123,145,147,-1,123,147,125,-1,125,147,149,-1,125,149,127,-1,127,149,151,-1,127,151,129,-1,129,151,153,-1,129,153,131,-1,114,131,137,-1,137,131,153,-1,156,157,158,-1,158,157,159,-1,160,161,162,-1,162,161,163,-1,162,163,164,-1,164,163,165,-1,166,167,163,-1,163,167,168,-1,163,168,165,-1,158,169,156,-1,156,169,170,-1,156,170,171,-1,171,170,172,-1,171,172,173,-1,173,172,174,-1,173,174,175,-1,175,174,176,-1,175,176,177,-1,177,176,178,-1,177,178,179,-1,179,178,180,-1,179,180,181,-1,181,180,182,-1,181,182,163,-1,163,182,183,-1,163,183,166,-1,184,185,186,-1,186,185,187,-1,186,187,188,-1,188,189,186,-1,186,189,190,-1,186,190,191,-1,192,159,193,-1,193,159,157,-1,193,157,194,-1,194,157,195,-1,194,195,196,-1,196,195,197,-1,196,197,198,-1,198,197,199,-1,198,199,200,-1,200,199,201,-1,200,201,202,-1,202,201,203,-1,202,203,204,-1,204,203,205,-1,204,205,206,-1,206,205,186,-1,206,186,207,-1,207,186,191,-1,163,161,186,-1,186,161,184,-1,181,163,205,-1,205,163,186,-1,181,205,203,-1,181,203,179,-1,179,203,201,-1,179,201,177,-1,177,201,199,-1,177,199,175,-1,175,199,197,-1,175,197,173,-1,173,197,195,-1,173,195,171,-1,171,195,157,-1,171,157,156,-1,193,170,192,-1,192,170,169,-1,170,193,172,-1,172,193,194,-1,172,194,174,-1,174,194,196,-1,174,196,176,-1,176,196,198,-1,176,198,178,-1,178,198,200,-1,178,200,180,-1,180,200,202,-1,180,202,182,-1,182,202,204,-1,183,182,206,-1,206,182,204,-1,183,206,207,-1,183,207,166,-1,166,207,191,-1,166,191,167,-1,167,191,190,-1,167,190,168,-1,168,190,189,-1,168,189,165,-1,165,189,188,-1,165,188,164,-1,164,188,187,-1,164,187,162,-1,160,162,185,-1,185,162,187,-1,161,160,184,-1,184,160,185,-1,208,209,210,-1,210,209,211,-1,212,208,213,-1,213,208,210,-1,214,212,215,-1,215,212,213,-1,216,214,217,-1,217,214,215,-1,218,216,219,-1,219,216,217,-1,209,218,211,-1,211,218,219,-1,214,216,212,-1,212,216,218,-1,212,218,208,-1,208,218,209,-1,220,221,222,-1,220,222,223,-1,223,222,224,-1,223,224,225,-1,225,224,226,-1,225,226,227,-1,228,227,229,-1,229,227,226,-1,228,229,230,-1,228,230,231,-1,231,230,232,-1,231,232,233,-1,233,232,234,-1,233,234,235,-1,235,234,236,-1,235,236,237,-1,237,236,238,-1,237,238,239,-1,239,238,240,-1,239,240,241,-1,241,240,242,-1,241,242,243,-1,243,242,244,-1,243,244,245,-1,245,244,246,-1,245,246,247,-1,247,246,248,-1,247,248,249,-1,249,248,250,-1,249,250,251,-1,251,250,252,-1,251,252,253,-1,253,252,254,-1,253,254,255,-1,255,254,256,-1,255,256,257,-1,257,256,258,-1,257,258,259,-1,259,258,260,-1,259,260,261,-1,261,260,262,-1,261,262,263,-1,263,262,264,-1,263,264,265,-1,265,264,266,-1,265,266,267,-1,267,266,268,-1,267,268,269,-1,269,268,270,-1,269,270,271,-1,271,270,272,-1,271,272,273,-1,274,273,275,-1,275,273,272,-1,276,277,278,-1,274,275,279,-1,274,279,280,-1,280,279,281,-1,280,281,278,-1,278,281,282,-1,278,282,276,-1,277,276,283,-1,277,283,284,-1,283,285,284,-1,284,285,286,-1,284,286,287,-1,287,286,288,-1,287,288,289,-1,289,288,290,-1,289,290,291,-1,291,290,292,-1,293,294,292,-1,292,294,295,-1,292,295,291,-1,293,296,294,-1,294,296,297,-1,294,297,298,-1,298,297,299,-1,298,299,300,-1,300,299,301,-1,302,303,301,-1,301,303,304,-1,301,304,300,-1,302,305,303,-1,303,305,306,-1,303,306,307,-1,307,306,308,-1,307,308,309,-1,309,308,310,-1,309,310,311,-1,311,310,312,-1,311,312,313,-1,313,312,314,-1,313,314,315,-1,315,314,221,-1,315,221,220,-1,271,273,274,-1,253,255,295,-1,271,274,269,-1,269,274,280,-1,269,280,267,-1,267,280,278,-1,267,278,265,-1,265,278,277,-1,265,277,263,-1,263,277,284,-1,263,284,261,-1,227,228,225,-1,225,228,231,-1,225,231,223,-1,223,231,233,-1,223,233,220,-1,220,233,235,-1,220,235,315,-1,315,235,237,-1,315,237,313,-1,313,237,239,-1,313,239,311,-1,311,239,241,-1,311,241,309,-1,309,241,243,-1,309,243,307,-1,307,243,245,-1,307,245,303,-1,295,255,291,-1,284,287,261,-1,261,287,289,-1,261,289,259,-1,259,289,291,-1,259,291,257,-1,257,291,255,-1,300,251,298,-1,298,251,253,-1,298,253,294,-1,294,253,295,-1,303,245,304,-1,304,245,247,-1,304,247,300,-1,300,247,249,-1,300,249,251,-1,316,317,318,-1,318,317,319,-1,320,321,322,-1,322,321,316,-1,322,316,318,-1,323,321,324,-1,324,321,320,-1,323,324,325,-1,325,324,326,-1,325,326,327,-1,328,325,329,-1,329,325,327,-1,330,331,332,-1,332,331,328,-1,332,328,329,-1,333,331,334,-1,334,331,330,-1,333,334,335,-1,335,334,336,-1,335,336,337,-1,338,335,339,-1,339,335,337,-1,340,341,342,-1,342,341,338,-1,342,338,339,-1,343,341,344,-1,344,341,340,-1,343,344,317,-1,317,344,345,-1,317,345,319,-1,343,317,316,-1,316,321,343,-1,343,321,323,-1,343,323,341,-1,335,338,333,-1,333,338,341,-1,333,341,331,-1,331,341,323,-1,331,323,328,-1,328,323,325,-1,346,347,348,-1,348,347,349,-1,348,349,350,-1,350,349,351,-1,350,351,352,-1,352,351,353,-1,352,353,354,-1,354,353,355,-1,354,355,356,-1,356,355,357,-1,356,357,358,-1,358,357,359,-1,358,359,360,-1,360,359,361,-1,360,361,362,-1,362,361,363,-1,362,363,364,-1,364,363,365,-1,364,365,366,-1,366,365,367,-1,366,367,368,-1,368,367,369,-1,368,369,370,-1,370,369,371,-1,370,371,372,-1,372,371,373,-1,372,373,374,-1,374,373,375,-1,374,375,376,-1,376,375,377,-1,376,377,378,-1,378,377,379,-1,378,379,380,-1,380,379,346,-1,380,346,348,-1,354,356,381,-1,381,356,382,-1,383,348,350,-1,354,381,384,-1,354,384,352,-1,352,384,385,-1,352,385,350,-1,350,385,386,-1,350,386,383,-1,348,383,387,-1,348,387,380,-1,380,387,388,-1,380,388,378,-1,378,388,389,-1,378,389,376,-1,376,389,390,-1,376,390,374,-1,374,390,391,-1,374,391,372,-1,372,391,392,-1,372,392,370,-1,370,392,393,-1,370,393,368,-1,368,393,394,-1,368,394,366,-1,395,360,362,-1,366,394,396,-1,366,396,364,-1,364,396,397,-1,364,397,362,-1,362,397,398,-1,362,398,395,-1,358,360,399,-1,399,360,395,-1,356,358,382,-1,382,358,399,-1,361,359,400,-1,400,359,401,-1,359,357,401,-1,401,357,402,-1,357,355,402,-1,402,355,403,-1,347,404,405,-1,347,405,349,-1,349,405,406,-1,349,406,351,-1,351,406,407,-1,351,407,353,-1,353,407,403,-1,353,403,355,-1,375,408,409,-1,375,409,377,-1,377,409,410,-1,377,410,379,-1,379,410,411,-1,379,411,346,-1,346,411,404,-1,346,404,347,-1,367,412,413,-1,367,413,369,-1,369,413,414,-1,369,414,371,-1,371,414,415,-1,371,415,373,-1,373,415,408,-1,373,408,375,-1,361,400,416,-1,361,416,363,-1,363,416,417,-1,363,417,365,-1,365,417,412,-1,365,412,367,-1,
        ]
    }
}
Shape{
    appearance Appearance {
        material  Material 	{
            diffuseColor 0.25098039215686274 0.25098039215686274 0.25098039215686274
            specularColor 0.12549019607843137 0.12549019607843137 0.12549019607843137
            ambientIntensity 0.251
            transparency 0.0
            shininess 0.5
        }
    }
    geometry IndexedFaceSet {
        ccw TRUE
        solid FALSE
        coord DEF co Coordinate {
            point [
                0.4773 -0.3561 0.8661, 0.4773 -0.4178 0.8661, 0.4894 -0.3561 0.8661, 0.489 -0.4178 0.8661, 0.4991 -0.4167 0.8661, 0.506 -0.4143 0.8661, 0.5113 -0.4108 0.8661, 0.5128 -0.4095 0.8661, 0.5168 -0.4045 0.8661, 0.5195 -0.3986 0.8661, 0.5211 -0.3913 0.8661, 0.5213 -0.3862 0.8661, 0.5203 -0.377 0.8661, 0.5182 -0.3709 0.8661, 0.5152 -0.3663 0.8661, 0.5125 -0.3636 0.8661, 0.4997 -0.3573 0.8661, 0.5067 -0.3598 0.8661
            ]
        }
        coordIndex [
            0,1,2,-1,2,1,3,-1,2,3,4,-1,4,5,2,-1,2,5,6,-1,2,6,7,-1,7,8,2,-1,2,8,9,-1,2,9,10,-1,10,11,2,-1,2,11,12,-1,2,12,13,-1,13,14,2,-1,2,14,15,-1,2,15,16,-1,16,15,17,-1,
        ]
    }
}
Shape{
    appearance Appearance {
        material  Material 	{
            diffuseColor 1.0 1.0 1.0
            specularColor 0.5019607843137255 0.5019607843137255 0.5019607843137255
            ambientIntensity 1.0
            transparency 0.0
            shininess 0.5
        }
    }
    geometry IndexedFaceSet {
        ccw TRUE
        solid FALSE
        coord DEF co Coordinate {
            point [
                0.559 -0.396 0.8701, 0.5557 -0.4051 0.8701, 0.5859 -0.396 0.8701, 0.5891 -0.4051 0.8701, 0.571 -0.3627 0.8701, 0.5671 -0.3469 0.8701, 0.5366 -0.427 0.8701, 0.5481 -0.427 0.8701, 0.5717 -0.3604 0.8701, 0.5723 -0.3571 0.8701, 0.5782 -0.3469 0.8701, 0.5726 -0.3571 0.8701, 0.5732 -0.3605 0.8701, 0.5738 -0.3627 0.8701, 0.6087 -0.427 0.8701, 0.5973 -0.427 0.8701, 0.5782 -0.3469 0.8661, 0.6087 -0.427 0.8661, 0.5671 -0.3469 0.8661, 0.5366 -0.427 0.8661, 0.5597 -0.3664 0.8661, 0.5481 -0.427 0.8661, 0.5557 -0.4051 0.8661, 0.5891 -0.4051 0.8661, 0.5597 -0.4051 0.8661, 0.5973 -0.427 0.8661, 0.559 -0.396 0.8661, 0.5859 -0.396 0.8661, 0.5738 -0.3627 0.8661, 0.5726 -0.3571 0.8661, 0.5732 -0.3605 0.8661, 0.5723 -0.3571 0.8661, 0.571 -0.3627 0.8661, 0.5717 -0.3604 0.8661
            ]
        }
        coordIndex [
            0,1,2,-1,2,1,3,-1,4,5,0,-1,0,5,6,-1,0,6,1,-1,1,6,7,-1,4,8,5,-1,5,8,9,-1,5,9,10,-1,10,9,11,-1,10,11,12,-1,12,13,10,-1,10,13,2,-1,10,2,14,-1,14,2,3,-1,14,3,15,-1,10,14,16,-1,16,14,17,-1,5,10,18,-1,18,10,16,-1,19,6,20,-1,20,6,5,-1,20,5,18,-1,7,6,21,-1,21,6,19,-1,1,7,22,-1,22,7,21,-1,23,3,24,-1,24,3,1,-1,24,1,22,-1,15,3,25,-1,25,3,23,-1,14,15,17,-1,17,15,25,-1,0,2,26,-1,26,2,27,-1,2,13,27,-1,27,13,28,-1,11,29,30,-1,11,30,12,-1,12,30,28,-1,12,28,13,-1,11,9,29,-1,29,9,31,-1,4,32,33,-1,4,33,8,-1,8,33,31,-1,8,31,9,-1,4,0,32,-1,32,0,26,-1,
        ]
    }
}
Shape{
    appearance Appearance {
        material  Material 	{
            diffuseColor 0.25098039215686274 0.25098039215686274 0.25098039215686274
            specularColor 0.12549019607843137 0.12549019607843137 0.12549019607843137
            ambientIntensity 0.251
            transparency 0.0
            shininess 0.5
        }
    }
    geometry IndexedFaceSet {
        ccw TRUE
        solid FALSE
        coord DEF co Coordinate {
            point [
                0.5726 -0.3571 0.8661, 0.5723 -0.3571 0.8661, 0.5732 -0.3605 0.8661, 0.5717 -0.3604 0.8661, 0.5738 -0.3627 0.8661, 0.571 -0.3627 0.8661, 0.5859 -0.396 0.8661, 0.559 -0.396 0.8661
            ]
        }
        coordIndex [
            0,1,2,-1,2,1,3,-1,2,3,4,-1,4,3,5,-1,4,5,6,-1,6,5,7,-1,
        ]
    }
}
Shape{
    appearance Appearance {
        material  Material 	{
            diffuseColor 1.0 1.0 1.0
            specularColor 0.5019607843137255 0.5019607843137255 0.5019607843137255
            ambientIntensity 1.0
            transparency 0.0
            shininess 0.5
        }
    }
    geometry IndexedFaceSet {
        ccw TRUE
        solid FALSE
        coord DEF co Coordinate {
            point [
                0.3304 -0.5449 0.8701, 0.3304 -0.554 0.8701, 0.3304 -0.5449 0.8661, 0.3304 -0.554 0.8661, 0.2977 -0.5449 0.8701, 0.2977 -0.5449 0.8661, 0.2977 -0.5179 0.8701, 0.2977 -0.5179 0.8661, 0.3263 -0.5179 0.8701, 0.3263 -0.5179 0.8661, 0.3263 -0.5088 0.8701, 0.3263 -0.5088 0.8661, 0.2977 -0.5088 0.8701, 0.2977 -0.5088 0.8661, 0.2977 -0.4831 0.8701, 0.2977 -0.4831 0.8661, 0.3286 -0.4831 0.8701, 0.3286 -0.4831 0.8661, 0.3286 -0.4739 0.8701, 0.3286 -0.4739 0.8661, 0.2873 -0.4739 0.8701, 0.2873 -0.4739 0.8661, 0.2873 -0.554 0.8701, 0.2873 -0.554 0.8661, 0.3625 -0.5271 0.8701, 0.3759 -0.5253 0.8701, 0.386 -0.5172 0.8701, 0.3759 -0.554 0.8701, 0.386 -0.554 0.8701, 0.3759 -0.5452 0.8701, 0.3759 -0.5176 0.8701, 0.3542 -0.5296 0.8701, 0.3566 -0.5285 0.8701, 0.3757 -0.5452 0.8701, 0.3705 -0.5435 0.8701, 0.3739 -0.5478 0.8701, 0.3677 -0.5455 0.8701, 0.3759 -0.5308 0.8701, 0.3753 -0.5357 0.8701, 0.3739 -0.5393 0.8701, 0.3716 -0.5425 0.8701, 0.3511 -0.542 0.8701, 0.3435 -0.5494 0.8701, 0.3522 -0.5437 0.8701, 0.3449 -0.5508 0.8701, 0.3531 -0.5445 0.8701, 0.3481 -0.5531 0.8701, 0.3551 -0.5459 0.8701, 0.3518 -0.5546 0.8701, 0.3573 -0.5467 0.8701, 0.3566 -0.5553 0.8701, 0.3581 -0.5553 0.8701, 0.3607 -0.5471 0.8701, 0.3629 -0.5549 0.8701, 0.3647 -0.5466 0.8701, 0.367 -0.5535 0.8701, 0.3707 -0.5511 0.8701, 0.3756 -0.5133 0.8701, 0.3851 -0.5095 0.8701, 0.3746 -0.5097 0.8701, 0.3836 -0.5049 0.8701, 0.3734 -0.5076 0.8701, 0.3815 -0.5017 0.8701, 0.3719 -0.506 0.8701, 0.3788 -0.4992 0.8701, 0.3701 -0.5048 0.8701, 0.3755 -0.4973 0.8701, 0.3678 -0.504 0.8701, 0.3712 -0.496 0.8701, 0.3643 -0.5036 0.8701, 0.3653 -0.4955 0.8701, 0.3588 -0.5042 0.8701, 0.355 -0.4968 0.8701, 0.3526 -0.5062 0.8701, 0.3476 -0.4997 0.8701, 0.3456 -0.5106 0.8701, 0.3456 -0.5008 0.8701, 0.3503 -0.5363 0.8701, 0.34 -0.5375 0.8701, 0.3502 -0.5379 0.8701, 0.34 -0.5387 0.8701, 0.3504 -0.5402 0.8701, 0.3405 -0.5432 0.8701, 0.3417 -0.5466 0.8701, 0.359 -0.52 0.8701, 0.3514 -0.5219 0.8701, 0.3528 -0.5306 0.8701, 0.3471 -0.5241 0.8701, 0.3516 -0.5321 0.8701, 0.344 -0.5267 0.8701, 0.3508 -0.534 0.8701, 0.342 -0.5296 0.8701, 0.3407 -0.5332 0.8701, 0.3653 -0.4955 0.8661, 0.355 -0.4968 0.8661, 0.3476 -0.4997 0.8661, 0.3456 -0.5008 0.8661, 0.3456 -0.5106 0.8661, 0.3526 -0.5062 0.8661, 0.3588 -0.5042 0.8661, 0.3643 -0.5036 0.8661, 0.3678 -0.504 0.8661, 0.3701 -0.5048 0.8661, 0.3719 -0.506 0.8661, 0.3734 -0.5076 0.8661, 0.3746 -0.5097 0.8661, 0.3756 -0.5133 0.8661, 0.3759 -0.5176 0.8661, 0.359 -0.52 0.8661, 0.3514 -0.5219 0.8661, 0.3471 -0.5241 0.8661, 0.344 -0.5267 0.8661, 0.342 -0.5296 0.8661, 0.3407 -0.5332 0.8661, 0.34 -0.5375 0.8661, 0.34 -0.5387 0.8661, 0.3405 -0.5432 0.8661, 0.3417 -0.5466 0.8661, 0.3435 -0.5494 0.8661, 0.3449 -0.5508 0.8661, 0.3581 -0.5553 0.8661, 0.3481 -0.5531 0.8661, 0.3518 -0.5546 0.8661, 0.3525 -0.5547 0.8661, 0.3566 -0.5553 0.8661, 0.3629 -0.5549 0.8661, 0.3635 -0.5547 0.8661, 0.367 -0.5535 0.8661, 0.3707 -0.5511 0.8661, 0.3739 -0.5478 0.8661, 0.3757 -0.5452 0.8661, 0.3759 -0.5452 0.8661, 0.3759 -0.554 0.8661, 0.386 -0.554 0.8661, 0.386 -0.5172 0.8661, 0.3851 -0.5095 0.8661, 0.3836 -0.5049 0.8661, 0.3815 -0.5017 0.8661, 0.3788 -0.4992 0.8661, 0.3755 -0.4973 0.8661, 0.3712 -0.496 0.8661, 0.3528 -0.5306 0.8661, 0.3542 -0.5296 0.8661, 0.3566 -0.5285 0.8661, 0.3625 -0.5271 0.8661, 0.3502 -0.5379 0.8661, 0.3503 -0.5363 0.8661, 0.3508 -0.534 0.8661, 0.3516 -0.5321 0.8661, 0.3531 -0.5445 0.8661, 0.3522 -0.5437 0.8661, 0.3511 -0.542 0.8661, 0.3504 -0.5402 0.8661, 0.3607 -0.5471 0.8661, 0.3573 -0.5467 0.8661, 0.3551 -0.5459 0.8661, 0.3716 -0.5425 0.8661, 0.3705 -0.5435 0.8661, 0.3677 -0.5455 0.8661, 0.3647 -0.5466 0.8661, 0.3759 -0.5308 0.8661, 0.3753 -0.5357 0.8661, 0.3739 -0.5393 0.8661, 0.3759 -0.5253 0.8661
            ]
        }
        coordIndex [
            0,1,2,-1,2,1,3,-1,4,0,5,-1,5,0,2,-1,6,4,7,-1,7,4,5,-1,8,6,9,-1,9,6,7,-1,10,8,11,-1,11,8,9,-1,12,10,13,-1,13,10,11,-1,14,12,15,-1,15,12,13,-1,16,14,17,-1,17,14,15,-1,18,16,19,-1,19,16,17,-1,20,18,21,-1,21,18,19,-1,22,20,23,-1,23,20,21,-1,1,22,3,-1,3,22,23,-1,22,1,0,-1,0,4,22,-1,22,4,6,-1,22,6,20,-1,16,18,14,-1,14,18,20,-1,14,20,12,-1,12,20,6,-1,12,6,10,-1,10,6,8,-1,24,25,26,-1,27,28,29,-1,29,28,26,-1,30,31,32,-1,33,34,35,-1,35,34,36,-1,25,37,26,-1,26,37,38,-1,26,38,29,-1,29,38,39,-1,29,39,33,-1,33,39,40,-1,33,40,34,-1,41,42,43,-1,43,42,44,-1,43,44,45,-1,45,44,46,-1,45,46,47,-1,47,46,48,-1,47,48,49,-1,48,50,49,-1,49,50,51,-1,49,51,52,-1,52,51,53,-1,52,53,54,-1,54,53,55,-1,54,55,36,-1,36,55,56,-1,36,56,35,-1,32,24,30,-1,30,24,26,-1,30,26,57,-1,57,26,58,-1,57,58,59,-1,59,58,60,-1,59,60,61,-1,61,60,62,-1,61,62,63,-1,63,62,64,-1,63,64,65,-1,65,64,66,-1,65,66,67,-1,67,66,68,-1,67,68,69,-1,69,68,70,-1,69,70,71,-1,71,70,72,-1,71,72,73,-1,73,72,74,-1,73,74,75,-1,75,74,76,-1,77,78,79,-1,79,78,80,-1,79,80,81,-1,81,80,82,-1,81,82,41,-1,41,82,83,-1,41,83,42,-1,30,84,31,-1,31,84,85,-1,31,85,86,-1,86,85,87,-1,86,87,88,-1,88,87,89,-1,88,89,90,-1,90,89,91,-1,90,91,77,-1,77,91,92,-1,77,92,78,-1,70,93,94,-1,70,94,72,-1,72,94,95,-1,72,95,74,-1,74,95,96,-1,74,96,76,-1,75,76,97,-1,97,76,96,-1,75,97,98,-1,75,98,73,-1,73,98,99,-1,73,99,71,-1,71,99,100,-1,71,100,69,-1,69,100,101,-1,69,101,67,-1,67,101,102,-1,67,102,65,-1,65,102,103,-1,65,103,63,-1,63,103,104,-1,63,104,61,-1,61,104,105,-1,61,105,59,-1,59,105,106,-1,59,106,57,-1,57,106,107,-1,57,107,30,-1,84,30,108,-1,108,30,107,-1,84,108,109,-1,84,109,85,-1,85,109,110,-1,85,110,87,-1,87,110,111,-1,87,111,89,-1,89,111,112,-1,89,112,91,-1,91,112,113,-1,91,113,92,-1,92,113,114,-1,92,114,78,-1,78,114,115,-1,78,115,80,-1,80,115,116,-1,80,116,82,-1,82,116,117,-1,82,117,83,-1,83,117,118,-1,83,118,42,-1,42,118,119,-1,42,119,44,-1,120,51,50,-1,44,119,121,-1,44,121,46,-1,46,121,122,-1,46,122,48,-1,48,122,123,-1,48,123,50,-1,50,123,124,-1,50,124,120,-1,51,120,125,-1,51,125,53,-1,53,125,126,-1,53,126,55,-1,126,127,55,-1,55,127,128,-1,55,128,56,-1,56,128,129,-1,56,129,35,-1,35,129,130,-1,35,130,33,-1,29,33,131,-1,131,33,130,-1,27,29,132,-1,132,29,131,-1,28,27,133,-1,133,27,132,-1,26,28,134,-1,134,28,133,-1,26,134,135,-1,26,135,58,-1,58,135,136,-1,58,136,60,-1,60,136,137,-1,60,137,62,-1,62,137,138,-1,62,138,64,-1,64,138,139,-1,64,139,66,-1,66,139,140,-1,66,140,68,-1,68,140,93,-1,68,93,70,-1,86,141,142,-1,86,142,31,-1,31,142,143,-1,31,143,32,-1,32,143,144,-1,32,144,24,-1,79,145,146,-1,79,146,77,-1,77,146,147,-1,77,147,90,-1,90,147,148,-1,90,148,88,-1,88,148,141,-1,88,141,86,-1,45,149,150,-1,45,150,43,-1,43,150,151,-1,43,151,41,-1,41,151,152,-1,41,152,81,-1,81,152,145,-1,81,145,79,-1,52,153,154,-1,52,154,49,-1,49,154,155,-1,49,155,47,-1,47,155,149,-1,47,149,45,-1,40,156,157,-1,40,157,34,-1,34,157,158,-1,34,158,36,-1,36,158,159,-1,36,159,54,-1,54,159,153,-1,54,153,52,-1,37,160,161,-1,37,161,38,-1,38,161,162,-1,38,162,39,-1,39,162,156,-1,39,156,40,-1,37,25,160,-1,160,25,163,-1,25,24,163,-1,163,24,144,-1,
        ]
    }
}
Shape{
    appearance Appearance {
        material  Material 	{
            diffuseColor 0.25098039215686274 0.25098039215686274 0.25098039215686274
            specularColor 0.12549019607843137 0.12549019607843137 0.12549019607843137
            ambientIntensity 0.251
            transparency 0.0
            shininess 0.5
        }
    }
    geometry IndexedFaceSet {
        ccw TRUE
        solid FALSE
        coord DEF co Coordinate {
            point [
                0.3705 -0.5435 0.8661, 0.3716 -0.5425 0.8661, 0.3625 -0.5271 0.8661, 0.3739 -0.5393 0.8661, 0.3647 -0.5466 0.8661, 0.3566 -0.5285 0.8661, 0.3542 -0.5296 0.8661, 0.3677 -0.5455 0.8661, 0.3753 -0.5357 0.8661, 0.3759 -0.5308 0.8661, 0.3759 -0.5253 0.8661, 0.3508 -0.534 0.8661, 0.3503 -0.5363 0.8661, 0.3502 -0.5379 0.8661, 0.3504 -0.5402 0.8661, 0.3551 -0.5459 0.8661, 0.3573 -0.5467 0.8661, 0.3531 -0.5445 0.8661, 0.3607 -0.5471 0.8661, 0.3528 -0.5306 0.8661, 0.3516 -0.5321 0.8661, 0.3511 -0.542 0.8661, 0.3522 -0.5437 0.8661
            ]
        }
        coordIndex [
            0,1,2,-1,2,1,3,-1,4,5,6,-1,5,4,2,-1,2,4,7,-1,2,7,0,-1,3,8,2,-1,2,8,9,-1,2,9,10,-1,11,12,4,-1,4,12,13,-1,4,13,14,-1,15,16,17,-1,17,16,18,-1,17,18,4,-1,6,19,4,-1,4,19,20,-1,4,20,11,-1,14,21,4,-1,4,21,22,-1,4,22,17,-1,
        ]
    }
}
Shape{
    appearance Appearance {
        material  Material 	{
            diffuseColor 1.0 1.0 1.0
            specularColor 0.5019607843137255 0.5019607843137255 0.5019607843137255
            ambientIntensity 1.0
            transparency 0.0
            shininess 0.5
        }
    }
    geometry IndexedFaceSet {
        ccw TRUE
        solid FALSE
        coord DEF co Coordinate {
            point [
                0.3995 -0.5416 0.8661, 0.3995 -0.5416 0.8701, 0.4031 -0.5439 0.8701, 0.416 -0.5472 0.8701, 0.416 -0.5472 0.8661, 0.4094 -0.5463 0.8661, 0.4094 -0.5463 0.8701, 0.4042 -0.5443 0.8661, 0.4031 -0.5439 0.8661, 0.3995 -0.552 0.8701, 0.3995 -0.552 0.8661, 0.4066 -0.5545 0.8701, 0.4042 -0.5536 0.8661, 0.4151 -0.5553 0.8661, 0.4151 -0.5553 0.8701, 0.4086 -0.5547 0.8661, 0.4066 -0.5545 0.8661, 0.4242 -0.5542 0.8701, 0.4207 -0.5547 0.8661, 0.4242 -0.5542 0.8661, 0.4295 -0.5522 0.8661, 0.4295 -0.5522 0.8701, 0.4317 -0.5508 0.8661, 0.4317 -0.5508 0.8701, 0.4347 -0.5481 0.8661, 0.4347 -0.5481 0.8701, 0.4365 -0.5455 0.8661, 0.4365 -0.5455 0.8701, 0.4377 -0.5423 0.8661, 0.4377 -0.5423 0.8701, 0.4382 -0.5384 0.8661, 0.4382 -0.5384 0.8701, 0.4377 -0.5345 0.8661, 0.4377 -0.5345 0.8701, 0.4366 -0.5315 0.8661, 0.4366 -0.5315 0.8701, 0.4348 -0.529 0.8661, 0.4348 -0.529 0.8701, 0.4324 -0.5268 0.8661, 0.4324 -0.5268 0.8701, 0.4258 -0.5231 0.8661, 0.4258 -0.5231 0.8701, 0.4219 -0.5216 0.8661, 0.4219 -0.5216 0.8701, 0.4157 -0.5189 0.8661, 0.4157 -0.5189 0.8701, 0.4121 -0.5167 0.8661, 0.4121 -0.5167 0.8701, 0.4112 -0.5156 0.8661, 0.4112 -0.5156 0.8701, 0.4104 -0.5142 0.8661, 0.4104 -0.5142 0.8701, 0.41 -0.5127 0.8661, 0.41 -0.5127 0.8701, 0.4099 -0.5113 0.8661, 0.4099 -0.5113 0.8701, 0.4101 -0.5097 0.8661, 0.4101 -0.5097 0.8701, 0.4106 -0.5084 0.8661, 0.4106 -0.5084 0.8701, 0.4115 -0.5071 0.8661, 0.4115 -0.5071 0.8701, 0.413 -0.5058 0.8661, 0.413 -0.5058 0.8701, 0.4152 -0.5046 0.8661, 0.4152 -0.5046 0.8701, 0.4179 -0.5039 0.8661, 0.4179 -0.5039 0.8701, 0.4209 -0.5036 0.8661, 0.4209 -0.5036 0.8701, 0.4279 -0.5045 0.8661, 0.4279 -0.5045 0.8701, 0.4336 -0.5067 0.8661, 0.4336 -0.5067 0.8701, 0.4354 -0.5078 0.8661, 0.4354 -0.5078 0.8701, 0.4354 -0.498 0.8701, 0.4354 -0.498 0.8661, 0.4289 -0.4961 0.8661, 0.4289 -0.4961 0.8701, 0.4219 -0.4955 0.8661, 0.4219 -0.4955 0.8701, 0.4138 -0.4965 0.8661, 0.4138 -0.4965 0.8701, 0.4084 -0.4986 0.8661, 0.4084 -0.4986 0.8701, 0.406 -0.5 0.8661, 0.406 -0.5 0.8701, 0.4042 -0.5017 0.8661, 0.4029 -0.5028 0.8701, 0.4029 -0.5028 0.8661, 0.4011 -0.5056 0.8661, 0.4011 -0.5056 0.8701, 0.4 -0.5088 0.8661, 0.4 -0.5088 0.8701, 0.3996 -0.5122 0.8661, 0.3996 -0.5122 0.8701, 0.4001 -0.5163 0.8661, 0.4001 -0.5163 0.8701, 0.4012 -0.5193 0.8661, 0.4012 -0.5193 0.8701, 0.4024 -0.5213 0.8661, 0.4024 -0.5213 0.8701, 0.4148 -0.5289 0.8661, 0.4148 -0.5289 0.8701, 0.4088 -0.5261 0.8701, 0.4041 -0.523 0.8661, 0.4041 -0.523 0.8701, 0.4042 -0.5231 0.8661, 0.4088 -0.5261 0.8661, 0.4214 -0.5316 0.8661, 0.4214 -0.5316 0.8701, 0.4253 -0.534 0.8661, 0.4253 -0.534 0.8701, 0.4265 -0.5353 0.8661, 0.4265 -0.5353 0.8701, 0.4273 -0.5366 0.8661, 0.4273 -0.5366 0.8701, 0.4278 -0.5382 0.8661, 0.4278 -0.5382 0.8701, 0.4279 -0.5394 0.8661, 0.4279 -0.5394 0.8701, 0.4277 -0.5413 0.8661, 0.4277 -0.5413 0.8701, 0.4272 -0.5428 0.8661, 0.4272 -0.5428 0.8701, 0.4263 -0.5441 0.8661, 0.4263 -0.5441 0.8701, 0.4251 -0.5451 0.8661, 0.4251 -0.5451 0.8701, 0.4242 -0.5456 0.8661, 0.4242 -0.5456 0.8701, 0.4216 -0.5466 0.8661, 0.4216 -0.5466 0.8701, 0.4165 -0.5472 0.8661, 0.4165 -0.5472 0.8701, 0.4879 -0.4968 0.8701, 0.4983 -0.4968 0.8701, 0.4879 -0.4968 0.8661, 0.4983 -0.4968 0.8661, 0.4723 -0.5399 0.8701, 0.4723 -0.5399 0.8661, 0.4715 -0.5425 0.8661, 0.4715 -0.5425 0.8701, 0.471 -0.5445 0.8661, 0.471 -0.5445 0.8701, 0.4708 -0.5445 0.8701, 0.4708 -0.5445 0.8661, 0.4695 -0.5398 0.8701, 0.4695 -0.5398 0.8661, 0.4546 -0.4968 0.8661, 0.4546 -0.4968 0.8701, 0.4594 -0.5107 0.8661, 0.4434 -0.4968 0.8701, 0.4434 -0.4968 0.8661, 0.4658 -0.5539 0.8661, 0.4658 -0.5539 0.8701, 0.4594 -0.5377 0.8661, 0.4614 -0.5643 0.8661, 0.4614 -0.5643 0.8701, 0.4655 -0.5547 0.8661, 0.4594 -0.5678 0.8661, 0.4593 -0.5681 0.8701, 0.4593 -0.5681 0.8661, 0.4574 -0.5701 0.8661, 0.4574 -0.5701 0.8701, 0.4563 -0.5709 0.8661, 0.4563 -0.5709 0.8701, 0.4542 -0.5719 0.8661, 0.4542 -0.5719 0.8701, 0.4519 -0.5723 0.8661, 0.4519 -0.5723 0.8701, 0.4511 -0.5723 0.8661, 0.4511 -0.5723 0.8701, 0.4475 -0.5719 0.8661, 0.4475 -0.5719 0.8701, 0.4454 -0.5712 0.8661, 0.4454 -0.5712 0.8701, 0.4454 -0.5801 0.8701, 0.4454 -0.5801 0.8661, 0.4495 -0.5808 0.8661, 0.4495 -0.5808 0.8701, 0.4519 -0.5809 0.8661, 0.4519 -0.5809 0.8701, 0.456 -0.5805 0.8661, 0.456 -0.5805 0.8701, 0.4594 -0.5791 0.8661, 0.46 -0.5789 0.8701, 0.46 -0.5789 0.8661, 0.4635 -0.5765 0.8661, 0.4635 -0.5765 0.8701, 0.464 -0.576 0.8661, 0.464 -0.576 0.8701, 0.4677 -0.5716 0.8661, 0.4677 -0.5716 0.8701, 0.4723 -0.5626 0.8661, 0.4723 -0.5626 0.8701, 0.4755 -0.5547 0.8661, 0.5521 -0.5449 0.8701, 0.5521 -0.554 0.8701, 0.5521 -0.5449 0.8661, 0.5521 -0.554 0.8661, 0.5194 -0.5449 0.8661, 0.5194 -0.5449 0.8701, 0.5344 -0.5449 0.8661, 0.5194 -0.5179 0.8701, 0.5194 -0.5179 0.8661, 0.5481 -0.5179 0.8661, 0.5481 -0.5179 0.8701, 0.5344 -0.5179 0.8661, 0.5481 -0.5088 0.8701, 0.5481 -0.5088 0.8661, 0.5194 -0.5088 0.8661, 0.5194 -0.5088 0.8701, 0.5344 -0.5088 0.8661, 0.5194 -0.4831 0.8701, 0.5194 -0.4831 0.8661, 0.5503 -0.4831 0.8661, 0.5503 -0.4831 0.8701, 0.5344 -0.4831 0.8661, 0.5503 -0.4739 0.8701, 0.5503 -0.4739 0.8661, 0.5091 -0.4739 0.8661, 0.5091 -0.4739 0.8701, 0.5344 -0.4739 0.8661, 0.5091 -0.554 0.8701, 0.5091 -0.554 0.8661, 0.5344 -0.554 0.8661, 0.617 -0.5316 0.8701, 0.613 -0.5365 0.8701, 0.6204 -0.5428 0.8701, 0.6116 -0.5379 0.8701, 0.6121 -0.5487 0.8701, 0.6063 -0.5413 0.8701, 0.603 -0.5523 0.8701, 0.5994 -0.5438 0.8701, 0.5893 -0.554 0.8701, 0.5892 -0.5449 0.8701, 0.5673 -0.554 0.8701, 0.5776 -0.5449 0.8701, 0.5673 -0.4739 0.8701, 0.5776 -0.4831 0.8701, 0.5901 -0.4739 0.8701, 0.5897 -0.4831 0.8701, 0.6023 -0.4753 0.8701, 0.6 -0.4843 0.8701, 0.612 -0.4788 0.8701, 0.607 -0.4868 0.8701, 0.6204 -0.4845 0.8701, 0.6128 -0.4907 0.8701, 0.6231 -0.4872 0.8701, 0.6154 -0.4933 0.8701, 0.6281 -0.4942 0.8701, 0.6184 -0.4979 0.8701, 0.6311 -0.5018 0.8701, 0.6206 -0.504 0.8701, 0.6325 -0.5129 0.8701, 0.6216 -0.5132 0.8701, 0.6322 -0.518 0.8701, 0.6213 -0.5183 0.8701, 0.6303 -0.5274 0.8701, 0.6198 -0.5256 0.8701, 0.6264 -0.5357 0.8701, 0.5893 -0.554 0.8661, 0.5673 -0.554 0.8661, 0.603 -0.5523 0.8661, 0.6121 -0.5487 0.8661, 0.6204 -0.5428 0.8661, 0.6264 -0.5357 0.8661, 0.6303 -0.5274 0.8661, 0.6322 -0.518 0.8661, 0.6325 -0.5129 0.8661, 0.6311 -0.5018 0.8661, 0.6281 -0.4942 0.8661, 0.6231 -0.4872 0.8661, 0.6204 -0.4845 0.8661, 0.612 -0.4788 0.8661, 0.6023 -0.4753 0.8661, 0.5901 -0.4739 0.8661, 0.5673 -0.4739 0.8661, 0.5897 -0.4831 0.8661, 0.5776 -0.4831 0.8661, 0.5776 -0.5449 0.8661, 0.5892 -0.5449 0.8661, 0.613 -0.5365 0.8661, 0.6116 -0.5379 0.8661, 0.6063 -0.5413 0.8661, 0.5994 -0.5438 0.8661, 0.6216 -0.5132 0.8661, 0.6213 -0.5183 0.8661, 0.6198 -0.5256 0.8661, 0.617 -0.5316 0.8661, 0.6128 -0.4907 0.8661, 0.6154 -0.4933 0.8661, 0.6184 -0.4979 0.8661, 0.6206 -0.504 0.8661, 0.6 -0.4843 0.8661, 0.607 -0.4868 0.8661
            ]
        }
        coordIndex [
            0,1,2,-1,3,4,5,-1,3,5,6,-1,6,5,7,-1,6,7,2,-1,2,7,8,-1,2,8,0,-1,9,1,10,-1,10,1,0,-1,9,10,11,-1,11,10,12,-1,13,14,15,-1,15,14,11,-1,15,11,16,-1,16,11,12,-1,14,13,17,-1,17,13,18,-1,18,19,17,-1,17,19,20,-1,17,20,21,-1,21,20,22,-1,21,22,23,-1,23,22,24,-1,23,24,25,-1,25,24,26,-1,25,26,27,-1,27,26,28,-1,27,28,29,-1,29,28,30,-1,29,30,31,-1,31,30,32,-1,31,32,33,-1,33,32,34,-1,33,34,35,-1,35,34,36,-1,35,36,37,-1,37,36,38,-1,37,38,39,-1,39,38,40,-1,39,40,41,-1,41,40,42,-1,41,42,43,-1,43,42,44,-1,43,44,45,-1,45,44,46,-1,45,46,47,-1,47,46,48,-1,47,48,49,-1,49,48,50,-1,49,50,51,-1,51,50,52,-1,51,52,53,-1,53,52,54,-1,53,54,55,-1,55,54,56,-1,55,56,57,-1,57,56,58,-1,57,58,59,-1,59,58,60,-1,59,60,61,-1,61,60,62,-1,61,62,63,-1,63,62,64,-1,63,64,65,-1,65,64,66,-1,65,66,67,-1,67,66,68,-1,67,68,69,-1,69,68,70,-1,69,70,71,-1,71,70,72,-1,71,72,73,-1,73,72,74,-1,73,74,75,-1,76,75,77,-1,77,75,74,-1,76,77,78,-1,76,78,79,-1,79,78,80,-1,79,80,81,-1,81,80,82,-1,81,82,83,-1,83,82,84,-1,83,84,85,-1,85,84,86,-1,85,86,87,-1,86,88,87,-1,87,88,89,-1,88,90,89,-1,89,90,91,-1,89,91,92,-1,92,91,93,-1,92,93,94,-1,94,93,95,-1,94,95,96,-1,96,95,97,-1,96,97,98,-1,98,97,99,-1,98,99,100,-1,100,99,101,-1,100,101,102,-1,103,104,105,-1,102,101,106,-1,102,106,107,-1,107,106,108,-1,107,108,105,-1,105,108,109,-1,105,109,103,-1,104,103,110,-1,104,110,111,-1,111,110,112,-1,111,112,113,-1,113,112,114,-1,113,114,115,-1,115,114,116,-1,115,116,117,-1,117,116,118,-1,117,118,119,-1,119,118,120,-1,119,120,121,-1,121,120,122,-1,121,122,123,-1,123,122,124,-1,123,124,125,-1,125,124,126,-1,125,126,127,-1,127,126,128,-1,127,128,129,-1,129,128,130,-1,129,130,131,-1,131,130,132,-1,131,132,133,-1,133,132,134,-1,133,134,135,-1,135,134,4,-1,135,4,3,-1,59,61,87,-1,87,61,85,-1,85,61,63,-1,85,63,83,-1,125,25,27,-1,111,43,104,-1,104,43,45,-1,125,27,123,-1,123,27,29,-1,123,29,121,-1,121,29,31,-1,121,31,119,-1,119,31,33,-1,119,33,117,-1,117,33,35,-1,117,35,115,-1,115,35,37,-1,115,37,113,-1,113,37,39,-1,113,39,111,-1,111,39,41,-1,111,41,43,-1,25,125,23,-1,23,125,127,-1,23,127,21,-1,14,3,11,-1,11,3,6,-1,11,6,9,-1,9,6,2,-1,9,2,1,-1,63,65,83,-1,83,65,67,-1,83,67,81,-1,81,67,69,-1,81,69,79,-1,79,69,71,-1,79,71,76,-1,76,71,73,-1,76,73,75,-1,127,129,21,-1,21,129,131,-1,21,131,17,-1,17,131,133,-1,17,133,14,-1,14,133,135,-1,14,135,3,-1,87,89,59,-1,59,89,92,-1,59,92,57,-1,57,92,94,-1,57,94,55,-1,55,94,96,-1,55,96,53,-1,53,96,98,-1,53,98,51,-1,51,98,100,-1,51,100,49,-1,49,100,102,-1,49,102,47,-1,47,102,107,-1,47,107,45,-1,45,107,105,-1,45,105,104,-1,136,137,138,-1,138,137,139,-1,140,136,141,-1,141,136,138,-1,140,141,142,-1,140,142,143,-1,143,142,144,-1,143,144,145,-1,146,145,147,-1,147,145,144,-1,148,146,149,-1,149,146,147,-1,150,151,152,-1,152,151,148,-1,152,148,149,-1,153,151,154,-1,154,151,150,-1,155,156,157,-1,157,156,153,-1,157,153,154,-1,158,159,160,-1,160,159,156,-1,160,156,155,-1,158,161,159,-1,159,161,162,-1,161,163,162,-1,162,163,164,-1,162,164,165,-1,165,164,166,-1,165,166,167,-1,167,166,168,-1,167,168,169,-1,169,168,170,-1,169,170,171,-1,171,170,172,-1,171,172,173,-1,173,172,174,-1,173,174,175,-1,175,174,176,-1,175,176,177,-1,178,177,179,-1,179,177,176,-1,178,179,180,-1,178,180,181,-1,181,180,182,-1,181,182,183,-1,183,182,184,-1,183,184,185,-1,185,184,186,-1,185,186,187,-1,186,188,187,-1,187,188,189,-1,187,189,190,-1,190,189,191,-1,190,191,192,-1,192,191,193,-1,192,193,194,-1,194,193,195,-1,194,195,196,-1,139,137,197,-1,197,137,196,-1,197,196,195,-1,143,145,196,-1,175,177,178,-1,137,136,196,-1,196,136,140,-1,196,140,143,-1,151,153,148,-1,148,153,156,-1,148,156,146,-1,145,146,196,-1,196,146,156,-1,196,156,194,-1,175,178,173,-1,173,178,181,-1,173,181,171,-1,171,181,183,-1,171,183,169,-1,169,183,185,-1,169,185,167,-1,167,185,187,-1,167,187,165,-1,156,159,194,-1,194,159,162,-1,194,162,192,-1,192,162,165,-1,192,165,190,-1,190,165,187,-1,198,199,200,-1,200,199,201,-1,202,203,204,-1,204,203,198,-1,204,198,200,-1,205,203,206,-1,206,203,202,-1,207,208,209,-1,209,208,205,-1,209,205,206,-1,210,208,211,-1,211,208,207,-1,212,213,214,-1,214,213,210,-1,214,210,211,-1,215,213,216,-1,216,213,212,-1,217,218,219,-1,219,218,215,-1,219,215,216,-1,220,218,221,-1,221,218,217,-1,222,223,224,-1,224,223,220,-1,224,220,221,-1,225,223,226,-1,226,223,222,-1,201,199,227,-1,227,199,225,-1,227,225,226,-1,199,198,225,-1,225,198,203,-1,208,210,205,-1,205,210,213,-1,218,220,215,-1,215,220,223,-1,215,223,213,-1,213,223,225,-1,213,225,205,-1,205,225,203,-1,228,229,230,-1,230,229,231,-1,230,231,232,-1,232,231,233,-1,232,233,234,-1,234,233,235,-1,234,235,236,-1,236,235,237,-1,236,237,238,-1,238,237,239,-1,238,239,240,-1,240,239,241,-1,240,241,242,-1,242,241,243,-1,242,243,244,-1,244,243,245,-1,244,245,246,-1,246,245,247,-1,246,247,248,-1,248,247,249,-1,248,249,250,-1,250,249,251,-1,250,251,252,-1,252,251,253,-1,252,253,254,-1,254,253,255,-1,254,255,256,-1,256,255,257,-1,256,257,258,-1,258,257,259,-1,258,259,260,-1,260,259,261,-1,260,261,262,-1,262,261,228,-1,262,228,230,-1,236,238,263,-1,263,238,264,-1,236,263,265,-1,236,265,234,-1,234,265,266,-1,234,266,232,-1,232,266,267,-1,232,267,230,-1,230,267,268,-1,230,268,262,-1,262,268,269,-1,262,269,260,-1,260,269,270,-1,260,270,258,-1,258,270,271,-1,258,271,256,-1,256,271,272,-1,256,272,254,-1,254,272,273,-1,254,273,252,-1,252,273,274,-1,252,274,250,-1,250,274,275,-1,250,275,248,-1,248,275,276,-1,248,276,246,-1,246,276,277,-1,246,277,244,-1,244,277,278,-1,244,278,242,-1,240,242,279,-1,279,242,278,-1,238,240,264,-1,264,240,279,-1,243,241,280,-1,280,241,281,-1,241,239,281,-1,281,239,282,-1,239,237,282,-1,282,237,283,-1,229,284,285,-1,229,285,231,-1,231,285,286,-1,231,286,233,-1,233,286,287,-1,233,287,235,-1,235,287,283,-1,235,283,237,-1,257,288,289,-1,257,289,259,-1,259,289,290,-1,259,290,261,-1,261,290,291,-1,261,291,228,-1,228,291,284,-1,228,284,229,-1,249,292,293,-1,249,293,251,-1,251,293,294,-1,251,294,253,-1,253,294,295,-1,253,295,255,-1,255,295,288,-1,255,288,257,-1,243,280,296,-1,243,296,245,-1,245,296,297,-1,245,297,247,-1,247,297,292,-1,247,292,249,-1,
        ]
    }
}
Shape{
    appearance Appearance {
        material  Material 	{
            diffuseColor 0.25098039215686274 0.25098039215686274 0.25098039215686274
            specularColor 0.12549019607843137 0.12549019607843137 0.12549019607843137
            ambientIntensity 0.251
            transparency 0.0
            shininess 0.5
        }
    }
    geometry IndexedFaceSet {
        ccw TRUE
        solid FALSE
        coord DEF co Coordinate {
            point [
                0.5776 -0.4831 0.8661, 0.5776 -0.5449 0.8661, 0.5897 -0.4831 0.8661, 0.5892 -0.5449 0.8661, 0.5994 -0.5438 0.8661, 0.6063 -0.5413 0.8661, 0.6116 -0.5379 0.8661, 0.613 -0.5365 0.8661, 0.617 -0.5316 0.8661, 0.6198 -0.5256 0.8661, 0.6213 -0.5183 0.8661, 0.6216 -0.5132 0.8661, 0.6206 -0.504 0.8661, 0.6184 -0.4979 0.8661, 0.6154 -0.4933 0.8661, 0.6128 -0.4907 0.8661, 0.6 -0.4843 0.8661, 0.607 -0.4868 0.8661
            ]
        }
        coordIndex [
            0,1,2,-1,2,1,3,-1,2,3,4,-1,4,5,2,-1,2,5,6,-1,2,6,7,-1,7,8,2,-1,2,8,9,-1,2,9,10,-1,10,11,2,-1,2,11,12,-1,2,12,13,-1,13,14,2,-1,2,14,15,-1,2,15,16,-1,16,15,17,-1,
        ]
    }
}
Shape{
    appearance Appearance {
        material  Material 	{
            diffuseColor 1.0 1.0 1.0
            specularColor 0.5019607843137255 0.5019607843137255 0.5019607843137255
            ambientIntensity 1.0
            transparency 0.0
            shininess 0.5
        }
    }
    geometry IndexedFaceSet {
        ccw TRUE
        solid FALSE
        coord DEF co Coordinate {
            point [
                0.6593 -0.523 0.8701, 0.656 -0.5321 0.8701, 0.6862 -0.523 0.8701, 0.6894 -0.5321 0.8701, 0.6713 -0.4898 0.8701, 0.6674 -0.4739 0.8701, 0.6369 -0.554 0.8701, 0.6483 -0.554 0.8701, 0.672 -0.4874 0.8701, 0.6726 -0.4842 0.8701, 0.6785 -0.4739 0.8701, 0.6728 -0.4842 0.8701, 0.6735 -0.4875 0.8701, 0.6741 -0.4898 0.8701, 0.709 -0.554 0.8701, 0.6975 -0.554 0.8701, 0.6785 -0.4739 0.8661, 0.709 -0.554 0.8661, 0.6674 -0.4739 0.8661, 0.6369 -0.554 0.8661, 0.6483 -0.554 0.8661, 0.656 -0.5321 0.8661, 0.6894 -0.5321 0.8661, 0.6975 -0.554 0.8661, 0.6593 -0.523 0.8661, 0.6862 -0.523 0.8661, 0.6741 -0.4898 0.8661, 0.6728 -0.4842 0.8661, 0.6735 -0.4875 0.8661, 0.6726 -0.4842 0.8661, 0.6713 -0.4898 0.8661, 0.672 -0.4874 0.8661
            ]
        }
        coordIndex [
            0,1,2,-1,2,1,3,-1,4,5,0,-1,0,5,6,-1,0,6,1,-1,1,6,7,-1,4,8,5,-1,5,8,9,-1,5,9,10,-1,10,9,11,-1,10,11,12,-1,12,13,10,-1,10,13,2,-1,10,2,14,-1,14,2,3,-1,14,3,15,-1,10,14,16,-1,16,14,17,-1,5,10,18,-1,18,10,16,-1,6,5,19,-1,19,5,18,-1,7,6,20,-1,20,6,19,-1,1,7,21,-1,21,7,20,-1,3,1,22,-1,22,1,21,-1,15,3,23,-1,23,3,22,-1,14,15,17,-1,17,15,23,-1,0,2,24,-1,24,2,25,-1,2,13,25,-1,25,13,26,-1,11,27,28,-1,11,28,12,-1,12,28,26,-1,12,26,13,-1,11,9,27,-1,27,9,29,-1,4,30,31,-1,4,31,8,-1,8,31,29,-1,8,29,9,-1,4,0,30,-1,30,0,24,-1,
        ]
    }
}
Shape{
    appearance Appearance {
        material  Material 	{
            diffuseColor 0.25098039215686274 0.25098039215686274 0.25098039215686274
            specularColor 0.12549019607843137 0.12549019607843137 0.12549019607843137
            ambientIntensity 0.251
            transparency 0.0
            shininess 0.5
        }
    }
    geometry IndexedFaceSet {
        ccw TRUE
        solid FALSE
        coord DEF co Coordinate {
            point [
                0.6728 -0.4842 0.8661, 0.6726 -0.4842 0.8661, 0.6735 -0.4875 0.8661, 0.672 -0.4874 0.8661, 0.6741 -0.4898 0.8661, 0.6713 -0.4898 0.8661, 0.6862 -0.523 0.8661, 0.6593 -0.523 0.8661
            ]
        }
        coordIndex [
            0,1,2,-1,2,1,3,-1,2,3,4,-1,4,3,5,-1,4,5,6,-1,6,5,7,-1,
        ]
    }
}
Shape{
    appearance Appearance {
        material  Material 	{
            diffuseColor 1.0 1.0 1.0
            specularColor 0.5019607843137255 0.5019607843137255 0.5019607843137255
            ambientIntensity 1.0
            transparency 0.0
            shininess 0.5
        }
    }
    geometry IndexedFaceSet {
        ccw TRUE
        solid FALSE
        coord DEF co Coordinate {
            point [
                -0.0663 -0.5653 0.8701, -0.0578 -0.5758 0.8701, -0.0714 -0.515 0.8701, -0.0812 -0.416 0.8701, -0.0685 -0.4093 0.8701, -0.0717 -0.3743 0.8701, 0.039 -0.5349 0.8701, 0.039 -0.5292 0.8701, -0.0093 -0.5153 0.8701, -0.0146 -0.5136 0.8701, -0.0492 -0.3715 0.8701, -0.0007 -0.5221 0.8701, 0.0019 -0.5267 0.8701, 0.0387 -0.5407 0.8701, 0.1187 -0.4871 0.8701, 0.1011 -0.4569 0.8701, 0.0248 -0.4968 0.8701, -0.0185 -0.5133 0.8701, -0.0239 -0.514 0.8701, -0.0315 -0.4791 0.8701, -0.0289 -0.5159 0.8701, -0.044 -0.4839 0.8701, -0.0333 -0.519 0.8701, -0.0557 -0.492 0.8701, -0.0361 -0.522 0.8701, -0.0651 -0.5027 0.8701, -0.0389 -0.5268 0.8701, -0.0404 -0.5322 0.8701, 0.0028 -0.4813 0.8701, -0.0109 -0.4778 0.8701, -0.0179 -0.4774 0.8701, -0.0361 -0.3727 0.8701, -0.0185 -0.4142 0.8701, -0.011 -0.3981 0.8701, -0.0838 -0.5074 0.8701, -0.0793 -0.5509 0.8701, -0.072 -0.5531 0.8701, -0.0046 -0.5182 0.8701, -0.0334 -0.5519 0.8701, -0.0289 -0.5551 0.8701, -0.0467 -0.5842 0.8701, -0.0237 -0.5571 0.8701, -0.0245 -0.3591 0.8701, 0.0013 -0.3826 0.8701, -0.0111 -0.3476 0.8701, 0.017 -0.3706 0.8701, 0.0028 -0.339 0.8701, -0.0545 -0.406 0.8701, -0.0486 -0.4057 0.8701, -0.0427 -0.3719 0.8701, -0.0355 -0.4073 0.8701, -0.0227 -0.4119 0.8701, 0.0149 -0.4877 0.8701, 0.1375 -0.4307 0.8701, 0.1421 -0.4307 0.8701, 0.1654 -0.4 0.8701, 0.1529 -0.4321 0.8701, 0.1698 -0.4015 0.8701, 0.1628 -0.4359 0.8701, 0.1866 -0.4103 0.8701, 0.1716 -0.442 0.8701, 0.2017 -0.4237 0.8701, 0.1783 -0.4495 0.8701, 0.213 -0.4401 0.8701, 0.1835 -0.4593 0.8701, 0.2196 -0.4576 0.8701, 0.1862 -0.4703 0.8701, 0.2218 -0.4746 0.8701, 0.1865 -0.4751 0.8701, 0.2217 -0.4782 0.8701, 0.1851 -0.4862 0.8701, 0.1132 -0.554 0.8701, 0.1153 -0.5543 0.8701, 0.1199 -0.5195 0.8701, 0.029 -0.3289 0.8701, 0.0354 -0.3627 0.8701, 0.0572 -0.3254 0.8701, 0.1347 -0.355 0.8701, 0.1169 -0.3857 0.8701, 0.1533 -0.3765 0.8701, 0.1285 -0.4021 0.8701, 0.1358 -0.4211 0.8701, -0.1039 -0.4489 0.8701, -0.1413 -0.4585 0.8701, -0.1056 -0.4626 0.8701, -0.1414 -0.4638 0.8701, -0.1049 -0.4713 0.8701, -0.1386 -0.4862 0.8701, -0.1009 -0.4852 0.8701, -0.1304 -0.5074 0.8701, -0.094 -0.4969 0.8701, -0.1175 -0.5258 0.8701, -0.0998 -0.5409 0.8701, -0.037 -0.5477 0.8701, -0.0394 -0.543 0.8701, -0.0406 -0.5377 0.8701, 0.1455 -0.5195 0.8701, 0.1489 -0.5543 0.8701, 0.1556 -0.5176 0.8701, 0.166 -0.5509 0.8701, 0.1657 -0.513 0.8701, 0.1836 -0.5428 0.8701, 0.1741 -0.5061 0.8701, 0.1986 -0.5308 0.8701, 0.1749 -0.5052 0.8701, 0.2007 -0.5287 0.8701, 0.1812 -0.4964 0.8701, 0.211 -0.5146 0.8701, 0.2186 -0.4968 0.8701, -0.0928 -0.3825 0.8701, -0.1109 -0.3953 0.8701, -0.0911 -0.4248 0.8701, -0.1147 -0.3989 0.8701, -0.099 -0.4362 0.8701, -0.1285 -0.4165 0.8701, -0.1375 -0.4371 0.8701, 0.0034 -0.5319 0.8701, 0.0036 -0.5374 0.8701, 0.0354 -0.5548 0.8701, 0.0024 -0.5429 0.8701, 0.0287 -0.5675 0.8701, -0.0001 -0.5479 0.8701, 0.0199 -0.5774 0.8701, -0.0037 -0.552 0.8701, 0.0085 -0.5853 0.8701, -0.0081 -0.5551 0.8701, -0.0042 -0.5902 0.8701, -0.013 -0.557 0.8701, -0.0179 -0.5918 0.8701, -0.0185 -0.5577 0.8701, -0.0201 -0.5918 0.8701, -0.0336 -0.5897 0.8701, 0.0543 -0.3596 0.8701, 0.0578 -0.3596 0.8701, 0.0807 -0.3279 0.8701, 0.0751 -0.3615 0.8701, 0.1093 -0.338 0.8701, 0.0931 -0.3679 0.8701, 0.1094 -0.3785 0.8701, 0.0989 -0.5348 0.8701, 0.0988 -0.5366 0.8701, 0.117 -0.519 0.8701, 0.0992 -0.5405 0.8701, 0.1007 -0.5444 0.8701, 0.1031 -0.548 0.8701, 0.1056 -0.5504 0.8701, 0.1187 -0.5194 0.8701, 0.1094 -0.5528 0.8701, 0.1164 -0.519 0.8701, 0.1125 -0.5194 0.8701, 0.1085 -0.5209 0.8701, 0.105 -0.5232 0.8701, 0.102 -0.5265 0.8701, 0.0999 -0.5305 0.8701, 0.2218 -0.4746 0.8661, 0.2196 -0.4576 0.8661, 0.2171 -0.4511 0.8661, 0.213 -0.4401 0.8661, 0.2017 -0.4237 0.8661, 0.1866 -0.4103 0.8661, 0.1698 -0.4015 0.8661, 0.1654 -0.4 0.8661, 0.1533 -0.3765 0.8661, 0.1347 -0.355 0.8661, 0.1216 -0.3462 0.8661, 0.1093 -0.338 0.8661, 0.0807 -0.3279 0.8661, 0.0572 -0.3254 0.8661, 0.029 -0.3289 0.8661, 0.0028 -0.339 0.8661, -0.0088 -0.3462 0.8661, -0.0111 -0.3476 0.8661, -0.0245 -0.3591 0.8661, -0.0361 -0.3727 0.8661, -0.0427 -0.3719 0.8661, -0.0492 -0.3715 0.8661, -0.0717 -0.3743 0.8661, -0.0928 -0.3825 0.8661, -0.1109 -0.3953 0.8661, -0.1147 -0.3989 0.8661, -0.1375 -0.4371 0.8661, -0.1285 -0.4165 0.8661, -0.14 -0.4511 0.8661, -0.1413 -0.4585 0.8661, -0.1414 -0.4638 0.8661, -0.1386 -0.4862 0.8661, -0.1304 -0.5074 0.8661, -0.1175 -0.5258 0.8661, -0.0998 -0.5409 0.8661, -0.0793 -0.5509 0.8661, -0.072 -0.5531 0.8661, -0.0713 -0.5547 0.8661, -0.0663 -0.5653 0.8661, -0.0578 -0.5758 0.8661, -0.0467 -0.5842 0.8661, -0.0414 -0.5864 0.8661, -0.0336 -0.5897 0.8661, -0.0201 -0.5918 0.8661, -0.0179 -0.5918 0.8661, 0.039 -0.5349 0.8661, -0.0042 -0.5902 0.8661, 0.0057 -0.5864 0.8661, 0.0085 -0.5853 0.8661, 0.0199 -0.5774 0.8661, 0.0287 -0.5675 0.8661, 0.0354 -0.5548 0.8661, 0.0354 -0.5547 0.8661, 0.0387 -0.5407 0.8661, 0.039 -0.5292 0.8661, 0.1187 -0.4871 0.8661, 0.1011 -0.4569 0.8661, 0.0248 -0.4968 0.8661, 0.0149 -0.4877 0.8661, 0.0028 -0.4813 0.8661, -0.0109 -0.4778 0.8661, -0.0179 -0.4774 0.8661, -0.0315 -0.4791 0.8661, -0.044 -0.4839 0.8661, -0.0557 -0.492 0.8661, -0.0651 -0.5027 0.8661, -0.0714 -0.515 0.8661, -0.0838 -0.5074 0.8661, -0.094 -0.4969 0.8661, -0.1009 -0.4852 0.8661, -0.1049 -0.4713 0.8661, -0.1056 -0.4626 0.8661, -0.1042 -0.4511 0.8661, -0.1039 -0.4489 0.8661, -0.099 -0.4362 0.8661, -0.0911 -0.4248 0.8661, -0.0812 -0.416 0.8661, -0.0685 -0.4093 0.8661, -0.0545 -0.406 0.8661, -0.0486 -0.4057 0.8661, -0.0355 -0.4073 0.8661, -0.0227 -0.4119 0.8661, -0.0185 -0.4142 0.8661, -0.011 -0.3981 0.8661, 0.0013 -0.3826 0.8661, 0.017 -0.3706 0.8661, 0.0354 -0.3627 0.8661, 0.0543 -0.3596 0.8661, 0.0578 -0.3596 0.8661, 0.0751 -0.3615 0.8661, 0.0931 -0.3679 0.8661, 0.1094 -0.3785 0.8661, 0.1169 -0.3857 0.8661, 0.1285 -0.4021 0.8661, 0.1358 -0.4211 0.8661, 0.1375 -0.4307 0.8661, 0.1421 -0.4307 0.8661, 0.1529 -0.4321 0.8661, 0.1628 -0.4359 0.8661, 0.1716 -0.442 0.8661, 0.1783 -0.4495 0.8661, 0.1792 -0.4511 0.8661, 0.1835 -0.4593 0.8661, 0.1862 -0.4703 0.8661, 0.1865 -0.4751 0.8661, 0.1851 -0.4862 0.8661, 0.1812 -0.4964 0.8661, 0.1749 -0.5052 0.8661, 0.1741 -0.5061 0.8661, 0.1657 -0.513 0.8661, 0.1556 -0.5176 0.8661, 0.1455 -0.5195 0.8661, 0.1199 -0.5195 0.8661, 0.1187 -0.5194 0.8661, 0.117 -0.519 0.8661, 0.1164 -0.519 0.8661, 0.1125 -0.5194 0.8661, 0.1085 -0.5209 0.8661, 0.105 -0.5232 0.8661, 0.102 -0.5265 0.8661, 0.0999 -0.5305 0.8661, 0.0989 -0.5348 0.8661, 0.0988 -0.5366 0.8661, 0.0992 -0.5405 0.8661, 0.1007 -0.5444 0.8661, 0.1031 -0.548 0.8661, 0.1056 -0.5504 0.8661, 0.1094 -0.5528 0.8661, 0.1132 -0.554 0.8661, 0.1153 -0.5543 0.8661, 0.1489 -0.5543 0.8661, 0.166 -0.5509 0.8661, 0.1836 -0.5428 0.8661, 0.1986 -0.5308 0.8661, 0.2007 -0.5287 0.8661, 0.211 -0.5146 0.8661, 0.2186 -0.4968 0.8661, 0.2217 -0.4782 0.8661, -0.0185 -0.5133 0.8661, -0.0146 -0.5136 0.8661, -0.0093 -0.5153 0.8661, -0.0046 -0.5182 0.8661, -0.0007 -0.5221 0.8661, 0.0019 -0.5267 0.8661, 0.0034 -0.5319 0.8661, 0.0036 -0.5374 0.8661, 0.0024 -0.5429 0.8661, -0.0001 -0.5479 0.8661, -0.0037 -0.552 0.8661, -0.0081 -0.5551 0.8661, -0.013 -0.557 0.8661, -0.0185 -0.5577 0.8661, -0.0237 -0.5571 0.8661, -0.0289 -0.5551 0.8661, -0.0334 -0.5519 0.8661, -0.037 -0.5477 0.8661, -0.0394 -0.543 0.8661, -0.0406 -0.5377 0.8661, -0.0404 -0.5322 0.8661, -0.0389 -0.5268 0.8661, -0.0361 -0.522 0.8661, -0.0333 -0.519 0.8661, -0.0289 -0.5159 0.8661, -0.0239 -0.514 0.8661
            ]
        }
        coordIndex [
            0,1,2,-1,3,4,5,-1,6,7,8,-1,8,7,9,-1,5,4,10,-1,11,12,13,-1,14,15,7,-1,7,15,16,-1,7,16,9,-1,9,16,17,-1,18,19,20,-1,20,19,21,-1,20,21,22,-1,22,21,23,-1,22,23,24,-1,24,23,25,-1,24,25,26,-1,26,25,2,-1,26,2,27,-1,28,29,18,-1,18,29,30,-1,18,30,19,-1,31,32,33,-1,34,35,2,-1,2,35,36,-1,2,36,0,-1,6,8,13,-1,13,8,37,-1,13,37,11,-1,38,1,39,-1,39,1,40,-1,39,40,41,-1,31,33,42,-1,42,33,43,-1,42,43,44,-1,44,43,45,-1,44,45,46,-1,4,47,10,-1,10,47,48,-1,10,48,49,-1,49,48,50,-1,49,50,31,-1,31,50,51,-1,31,51,32,-1,17,16,18,-1,18,16,52,-1,18,52,28,-1,53,54,55,-1,55,54,56,-1,55,56,57,-1,57,56,58,-1,57,58,59,-1,59,58,60,-1,59,60,61,-1,61,60,62,-1,61,62,63,-1,63,62,64,-1,63,64,65,-1,65,64,66,-1,65,66,67,-1,67,66,68,-1,67,68,69,-1,69,68,70,-1,71,72,73,-1,46,45,74,-1,74,45,75,-1,74,75,76,-1,77,78,79,-1,79,78,80,-1,79,80,55,-1,55,80,81,-1,55,81,53,-1,82,83,84,-1,84,83,85,-1,84,85,86,-1,86,85,87,-1,86,87,88,-1,88,87,89,-1,88,89,90,-1,90,89,91,-1,90,91,34,-1,34,91,92,-1,34,92,35,-1,38,93,1,-1,1,93,94,-1,1,94,2,-1,2,94,95,-1,2,95,27,-1,73,72,96,-1,96,72,97,-1,96,97,98,-1,98,97,99,-1,98,99,100,-1,100,99,101,-1,100,101,102,-1,102,101,103,-1,102,103,104,-1,104,103,105,-1,104,105,106,-1,106,105,107,-1,106,107,70,-1,70,107,108,-1,70,108,69,-1,5,109,3,-1,3,109,110,-1,3,110,111,-1,111,110,112,-1,111,112,113,-1,113,112,114,-1,113,114,82,-1,82,114,115,-1,82,115,83,-1,12,116,13,-1,13,116,117,-1,13,117,118,-1,118,117,119,-1,118,119,120,-1,120,119,121,-1,120,121,122,-1,122,121,123,-1,122,123,124,-1,124,123,125,-1,124,125,126,-1,126,125,127,-1,126,127,128,-1,128,127,129,-1,128,129,130,-1,130,129,41,-1,130,41,131,-1,131,41,40,-1,75,132,76,-1,76,132,133,-1,76,133,134,-1,134,133,135,-1,134,135,136,-1,136,135,137,-1,136,137,77,-1,77,137,138,-1,77,138,78,-1,139,140,141,-1,141,140,142,-1,142,143,141,-1,141,143,144,-1,141,144,145,-1,73,146,71,-1,71,146,141,-1,71,141,147,-1,147,141,145,-1,141,148,139,-1,139,148,149,-1,139,149,150,-1,150,151,139,-1,139,151,152,-1,139,152,153,-1,67,154,155,-1,67,155,65,-1,65,155,156,-1,65,156,63,-1,156,157,63,-1,63,157,158,-1,63,158,61,-1,61,158,159,-1,61,159,59,-1,59,159,160,-1,59,160,57,-1,57,160,161,-1,57,161,55,-1,55,161,162,-1,55,162,79,-1,79,162,163,-1,79,163,77,-1,136,77,164,-1,164,77,163,-1,164,165,136,-1,136,165,166,-1,136,166,134,-1,134,166,167,-1,134,167,76,-1,76,167,168,-1,76,168,74,-1,74,168,169,-1,74,169,46,-1,46,169,44,-1,44,169,170,-1,44,170,171,-1,44,171,172,-1,44,172,42,-1,42,172,173,-1,42,173,31,-1,31,173,174,-1,31,174,49,-1,49,174,175,-1,49,175,10,-1,10,175,176,-1,10,176,5,-1,5,176,177,-1,5,177,109,-1,109,177,178,-1,109,178,110,-1,110,178,179,-1,110,179,112,-1,180,114,181,-1,181,114,112,-1,181,112,179,-1,182,83,180,-1,180,83,115,-1,180,115,114,-1,182,183,83,-1,83,183,184,-1,83,184,85,-1,85,184,185,-1,85,185,87,-1,87,185,186,-1,87,186,89,-1,89,186,187,-1,89,187,91,-1,91,187,188,-1,91,188,92,-1,92,188,189,-1,92,189,35,-1,35,189,190,-1,35,190,36,-1,36,190,191,-1,36,191,0,-1,191,192,0,-1,0,192,193,-1,0,193,1,-1,1,193,194,-1,1,194,40,-1,40,194,195,-1,40,195,131,-1,195,196,131,-1,131,196,197,-1,131,197,130,-1,130,197,198,-1,130,198,128,-1,199,6,13,-1,128,198,200,-1,201,124,200,-1,200,124,126,-1,200,126,128,-1,201,202,124,-1,124,202,203,-1,124,203,122,-1,122,203,204,-1,122,204,120,-1,120,204,205,-1,120,205,118,-1,118,205,206,-1,118,206,13,-1,13,206,207,-1,13,207,199,-1,7,6,208,-1,208,6,199,-1,14,7,209,-1,209,7,208,-1,15,14,210,-1,210,14,209,-1,16,15,211,-1,211,15,210,-1,16,211,212,-1,16,212,52,-1,52,212,213,-1,52,213,28,-1,28,213,214,-1,28,214,29,-1,29,214,215,-1,29,215,30,-1,30,215,216,-1,30,216,19,-1,19,216,217,-1,19,217,21,-1,21,217,218,-1,21,218,23,-1,23,218,219,-1,23,219,25,-1,25,219,220,-1,25,220,2,-1,2,220,221,-1,2,221,34,-1,34,221,222,-1,34,222,90,-1,90,222,223,-1,90,223,88,-1,88,223,224,-1,88,224,86,-1,86,224,225,-1,86,225,84,-1,225,226,84,-1,84,226,82,-1,226,227,82,-1,82,227,228,-1,82,228,113,-1,113,228,229,-1,113,229,111,-1,111,229,230,-1,111,230,3,-1,3,230,231,-1,3,231,4,-1,4,231,232,-1,4,232,47,-1,47,232,233,-1,47,233,48,-1,48,233,234,-1,48,234,50,-1,50,234,235,-1,50,235,51,-1,51,235,236,-1,51,236,32,-1,32,236,237,-1,32,237,33,-1,33,237,238,-1,33,238,43,-1,43,238,239,-1,43,239,45,-1,45,239,240,-1,45,240,75,-1,75,240,241,-1,75,241,132,-1,132,241,242,-1,132,242,133,-1,133,242,243,-1,133,243,135,-1,135,243,244,-1,135,244,137,-1,137,244,245,-1,137,245,138,-1,138,245,246,-1,138,246,78,-1,78,246,247,-1,78,247,80,-1,80,247,248,-1,80,248,81,-1,81,248,249,-1,81,249,53,-1,54,53,250,-1,250,53,249,-1,54,250,251,-1,54,251,56,-1,56,251,252,-1,56,252,58,-1,58,252,253,-1,58,253,60,-1,60,253,254,-1,60,254,62,-1,62,254,255,-1,62,255,64,-1,255,256,64,-1,64,256,257,-1,64,257,66,-1,66,257,258,-1,66,258,68,-1,68,258,259,-1,68,259,70,-1,70,259,260,-1,70,260,106,-1,106,260,261,-1,106,261,104,-1,104,261,262,-1,104,262,102,-1,102,262,263,-1,102,263,100,-1,100,263,264,-1,100,264,98,-1,98,264,265,-1,98,265,96,-1,73,96,266,-1,266,96,265,-1,73,266,267,-1,73,267,146,-1,146,267,268,-1,146,268,141,-1,141,268,269,-1,141,269,148,-1,148,269,270,-1,148,270,149,-1,149,270,271,-1,149,271,150,-1,150,271,272,-1,150,272,151,-1,151,272,273,-1,151,273,152,-1,152,273,274,-1,152,274,153,-1,153,274,275,-1,153,275,139,-1,139,275,276,-1,139,276,140,-1,140,276,277,-1,140,277,142,-1,142,277,278,-1,142,278,143,-1,143,278,279,-1,143,279,144,-1,144,279,280,-1,144,280,145,-1,145,280,281,-1,145,281,147,-1,147,281,282,-1,147,282,71,-1,71,282,283,-1,71,283,72,-1,97,72,284,-1,284,72,283,-1,97,284,285,-1,97,285,99,-1,99,285,286,-1,99,286,101,-1,101,286,287,-1,101,287,103,-1,103,287,288,-1,103,288,105,-1,105,288,289,-1,105,289,107,-1,107,289,290,-1,107,290,108,-1,108,290,291,-1,108,291,69,-1,69,291,154,-1,69,154,67,-1,17,292,293,-1,17,293,9,-1,9,293,294,-1,9,294,8,-1,8,294,295,-1,8,295,37,-1,37,295,296,-1,37,296,11,-1,11,296,297,-1,11,297,12,-1,12,297,298,-1,12,298,116,-1,116,298,299,-1,116,299,117,-1,117,299,300,-1,117,300,119,-1,119,300,301,-1,119,301,121,-1,121,301,302,-1,121,302,123,-1,123,302,303,-1,123,303,125,-1,125,303,304,-1,125,304,127,-1,127,304,305,-1,127,305,129,-1,129,305,306,-1,129,306,41,-1,41,306,307,-1,41,307,39,-1,39,307,308,-1,39,308,38,-1,38,308,309,-1,38,309,93,-1,93,309,310,-1,93,310,94,-1,94,310,311,-1,94,311,95,-1,95,311,312,-1,95,312,27,-1,27,312,313,-1,27,313,26,-1,26,313,314,-1,26,314,24,-1,24,314,315,-1,24,315,22,-1,22,315,316,-1,22,316,20,-1,20,316,317,-1,20,317,18,-1,18,317,292,-1,18,292,17,-1,
        ]
    }
}
Shape{
    appearance Appearance {
        material  Material 	{
            diffuseColor 0.25098039215686274 0.25098039215686274 0.25098039215686274
            specularColor 0.12549019607843137 0.12549019607843137 0.12549019607843137
            ambientIntensity 0.251
            transparency 0.0
            shininess 0.5
        }
    }
    geometry IndexedFaceSet {
        ccw TRUE
        solid FALSE
        coord DEF co Coordinate {
            point [
                -0.0185 -0.5577 0.8661, -0.0333 -0.519 0.8661, -0.0361 -0.522 0.8661, -0.0185 -0.5133 0.8661, -0.0146 -0.5136 0.8661, -0.013 -0.557 0.8661, -0.0239 -0.514 0.8661, -0.0289 -0.5159 0.8661, -0.0037 -0.552 0.8661, -0.0007 -0.5221 0.8661, -0.0046 -0.5182 0.8661, -0.0394 -0.543 0.8661, -0.037 -0.5477 0.8661, -0.0334 -0.5519 0.8661, -0.0081 -0.5551 0.8661, -0.0093 -0.5153 0.8661, -0.0389 -0.5268 0.8661, -0.0404 -0.5322 0.8661, -0.0406 -0.5377 0.8661, -0.0289 -0.5551 0.8661, -0.0237 -0.5571 0.8661, 0.0024 -0.5429 0.8661, 0.0036 -0.5374 0.8661, -0.0001 -0.5479 0.8661, 0.0034 -0.5319 0.8661, 0.0019 -0.5267 0.8661
            ]
        }
        coordIndex [
            0,1,2,-1,3,0,4,-1,4,0,5,-1,3,6,0,-1,0,6,7,-1,0,7,1,-1,8,9,10,-1,11,12,2,-1,2,12,13,-1,5,14,4,-1,4,14,8,-1,4,8,15,-1,15,8,10,-1,16,17,2,-1,2,17,18,-1,2,18,11,-1,13,19,2,-1,2,19,20,-1,2,20,0,-1,21,22,23,-1,23,22,24,-1,23,24,8,-1,8,24,25,-1,8,25,9,-1,
        ]
    }
}