#VRML V2.0 utf8
# 3D model generated by easyeda2kicad.py (https://github.com/uPesy/easyeda2kicad.py)

Shape{
    appearance Appearance {
        material  Material 	{
            diffuseColor 0.20784313725490197 0.20784313725490197 0.20784313725490197
            specularColor 0.01568627450980392 0.01568627450980392 0.01568627450980392
            ambientIntensity 0.298
            transparency 0.0
            shininess 0.5
        }
    }
    geometry IndexedFaceSet {
        ccw TRUE
        solid FALSE
        coord DEF co Coordinate {
            point [
                -0.6702 0.5525 0.6698, -0.6702 0.5587 0.6698, -0.6709 0.5587 0.662, -0.6705 0.6349 0.6662, -0.6709 0.6332 0.662, -0.6709 0.6208 0.662, -0.6697 0.5931 0.6759, -0.6696 0.5935 0.6768, -0.6702 0.5935 0.6698, -0.6562 -0.8709 0.8302, -0.6562 -0.2182 0.8302, -0.6679 -0.2182 0.6969, -0.6716 0.5359 0.6545, -0.6716 0.5275 0.6545, -0.6709 0.5275 0.662, -0.6718 0.5325 0.6514, -0.6726 0.5325 0.6429, -0.6718 0.5275 0.6514, -0.6726 0.5275 0.6429, -0.6718 0.5222 0.6514, -0.6726 0.5229 0.6429, -0.6736 0.5216 0.6309, -0.6729 0.5229 0.6398, -0.6736 0.5275 0.6309, -0.6729 0.5275 0.6398, -0.6736 0.5325 0.6309, -0.6729 0.5325 0.6398, -0.6722 0.543 0.6469, -0.6722 0.5395 0.6469, -0.6709 0.5525 0.662, -0.6726 0.5525 0.6422, -0.6735 0.5491 0.6326, -0.6735 0.5482 0.6326, -0.6716 0.5222 0.6545, -0.6709 0.5191 0.662, -0.6739 0.5191 0.6276, -0.6739 0.5216 0.6279, -0.6739 0.5275 0.6276, -0.6739 0.5275 0.6279, -0.6739 0.5359 0.6279, -0.6736 0.5487 0.631, -0.6736 0.5486 0.631, -0.6736 0.5485 0.6317, -0.6679 -0.8826 0.6969, -0.6702 -0.2182 0.6698, -0.6702 -0.8849 0.6698, -0.6709 -0.2182 0.662, -0.6709 -0.8856 0.662, -0.6739 -0.2182 0.6276, -0.6739 -0.8886 0.6276, -0.6748 0.7036 0.6171, -0.675 0.7075 0.6157, -0.6909 0.6208 0.4331, -0.675 0.7116 0.6153, -0.675 0.7128 0.6153, -0.6909 0.9057 0.4331, -0.6749 0.7172 0.6161, -0.6748 0.8896 0.6171, -0.6748 0.7194 0.6171, -0.6748 0.7215 0.6181, -0.6735 0.7389 0.6322, -0.6731 0.7448 0.6372, -0.6739 0.8886 0.6276, -0.6738 0.732 0.6289, -0.6745 0.7252 0.6209, -0.6742 0.7279 0.6244, -0.6739 0.7294 0.6276, -0.6739 0.7296 0.6281, -0.6725 0.7491 0.6434, -0.6719 0.7518 0.6504, -0.6709 0.8856 0.662, -0.6713 0.7528 0.6578, -0.6711 0.7527 0.6596, -0.6709 0.7523 0.662, -0.6702 0.8849 0.6698, -0.6687 0.7295 0.6875, -0.6686 0.722 0.6885, -0.6679 0.7093 0.6964, -0.6705 0.7514 0.6667, -0.6702 0.7501 0.6698, -0.6679 0.8826 0.6969, -0.6699 0.7484 0.6735, -0.6694 0.7438 0.6794, -0.6682 0.7138 0.6926, -0.6686 0.7198 0.6883, -0.6686 0.7177 0.6881, -0.6693 0.7426 0.6806, -0.6689 0.7365 0.6848, -0.6679 0.7086 0.6969, -0.6562 0.8709 0.8302, -0.6677 0.7047 0.6992, -0.6674 0.6959 0.7026, -0.6562 0.6208 0.8302, -0.6673 0.6865 0.7038, -0.6673 0.6787 0.7029, -0.6683 0.5747 0.6924, -0.6702 0.5709 0.6698, -0.6679 0.5709 0.6969, -0.6698 0.5747 0.6744, -0.6701 0.5747 0.6711, -0.6688 0.5907 0.6864, -0.6699 0.5758 0.6739, -0.6686 0.5898 0.6888, -0.6684 0.5886 0.6907, -0.6691 0.5911 0.683, -0.6691 0.5911 0.6828, -0.6699 0.5774 0.6732, -0.67 0.5805 0.6727, -0.6681 0.5778 0.6936, -0.6681 0.581 0.694, -0.6681 0.5822 0.6939, -0.6682 0.5845 0.6935, -0.6682 0.5751 0.6926, -0.6682 0.5758 0.6929, -0.6683 0.5865 0.6925, -0.6684 0.5883 0.691, -0.6694 0.5906 0.6795, -0.6696 0.5898 0.6774, -0.6697 0.5884 0.6755, -0.6699 0.586 0.6736, -0.67 0.5841 0.6729, -0.67 0.5816 0.6727, -0.6698 0.5878 0.6748, -0.6679 0.5783 0.6969, -0.6679 0.5773 0.6968, -0.6679 0.5758 0.6969, -0.6679 0.5758 0.6963, -0.6679 0.5747 0.696, -0.6678 0.5808 0.6971, -0.6562 0.5758 0.8302, -0.6678 0.581 0.6971, -0.6562 0.5935 0.8302, -0.6679 0.5829 0.6969, -0.668 0.5877 0.6955, -0.6679 0.5849 0.6966, -0.6679 0.5935 0.6969, -0.6684 0.5927 0.6908, -0.6682 0.5908 0.6932, -0.6681 0.5902 0.6938, -0.6702 0.5951 0.6698, -0.6679 0.5951 0.6969, -0.6687 0.594 0.6879, -0.6686 0.5935 0.689, -0.6695 0.5942 0.6787, -0.6691 0.5947 0.6828, -0.669 0.5946 0.6844, -0.6701 0.5892 0.6715, -0.6702 0.5867 0.6703, -0.6702 0.5845 0.6698, -0.6699 0.5912 0.6732, -0.6699 0.5916 0.6736, -0.6702 0.5839 0.6697, -0.6709 0.5935 0.662, -0.6703 0.5821 0.6696, -0.6709 0.5758 0.662, -0.6702 0.58 0.6698, -0.6702 0.5758 0.6698, -0.6702 0.5776 0.6701, -0.6702 0.5758 0.6707, -0.6699 0.555 0.6731, -0.6702 0.555 0.67, -0.6679 0.5587 0.6969, -0.6679 0.5556 0.6966, -0.6679 0.5525 0.6969, -0.6682 0.5556 0.6936, -0.6692 0.5659 0.682, -0.6699 0.5659 0.6731, -0.6692 0.5587 0.682, -0.6699 0.5587 0.6731, -0.6692 0.5564 0.682, -0.6689 0.5564 0.6851, -0.6682 0.5659 0.6936, -0.6689 0.5659 0.6851, -0.6682 0.5587 0.6936, -0.6689 0.5587 0.6851, -0.6702 0.5587 0.67, -0.6702 0.5693 0.67, -0.6702 0.4941 0.6698, -0.6702 0.5027 0.67, -0.6702 0.5065 0.67, -0.6679 0.5129 0.6966, -0.6679 0.4941 0.6969, -0.6679 0.5191 0.6969, -0.6702 0.5229 0.67, -0.6702 0.5267 0.67, -0.6702 0.5275 0.6698, -0.6702 0.5191 0.6698, -0.6696 0.5191 0.6773, -0.6696 0.5204 0.6773, -0.6679 0.5275 0.6969, -0.6685 0.5191 0.6902, -0.6679 0.5166 0.6966, -0.6732 0.5916 0.636, -0.6731 0.5909 0.6369, -0.6726 0.5904 0.6423, -0.6739 0.5758 0.6276, -0.6739 0.577 0.6279, -0.6739 0.5803 0.6279, -0.6739 0.5895 0.6281, -0.6739 0.5935 0.6276, -0.6739 0.5882 0.6276, -0.6739 0.5882 0.6276, -0.6737 0.5917 0.6303, -0.6736 0.5921 0.6314, -0.6735 0.5923 0.6329, -0.6722 0.5818 0.6471, -0.6723 0.5804 0.6467, -0.6723 0.5793 0.646, -0.6724 0.5784 0.6452, -0.673 0.5899 0.6378, -0.673 0.5884 0.6385, -0.6725 0.5883 0.6437, -0.6729 0.586 0.6391, -0.6725 0.583 0.6445, -0.6724 0.5842 0.6446, -0.6725 0.5862 0.6444, -0.6738 0.5906 0.6289, -0.6738 0.591 0.6293, -0.6736 0.5803 0.6308, -0.6736 0.5804 0.6308, -0.6737 0.5809 0.63, -0.6738 0.582 0.6289, -0.6734 0.5923 0.6334, -0.6733 0.5921 0.6348, -0.6725 0.5777 0.6441, -0.6726 0.5772 0.6426, -0.6728 0.577 0.6401, -0.6724 0.5904 0.6455, -0.6723 0.5895 0.646, -0.6722 0.587 0.6469, -0.6722 0.5839 0.6473, -0.6728 0.5803 0.6399, -0.6727 0.5804 0.6414, -0.6726 0.5808 0.6426, -0.6726 0.5812 0.6433, -0.6725 0.5817 0.6438, -0.6725 0.5823 0.6442, -0.6739 0.5862 0.6274, -0.6748 0.5935 0.6171, -0.6739 0.5845 0.6276, -0.6748 0.5758 0.6171, -0.6739 0.5844 0.6276, -0.6727 0.5724 0.6417, -0.6726 0.5723 0.6429, -0.6725 0.5719 0.644, -0.6724 0.5713 0.6449, -0.6729 0.5719 0.6394, -0.6728 0.5723 0.6404, -0.6735 0.5724 0.632, -0.6736 0.5711 0.6312, -0.6736 0.5709 0.6311, -0.673 0.5709 0.6381, -0.673 0.5715 0.6387, -0.673 0.5709 0.6382, -0.6739 0.5695 0.6276, -0.6739 0.57 0.6277, -0.6739 0.5709 0.6276, -0.6739 0.5709 0.628, -0.6738 0.5724 0.6285, -0.6739 0.5673 0.6274, -0.6748 0.5709 0.6171, -0.6739 0.5651 0.6276, -0.6748 0.5587 0.6171, -0.6732 0.5607 0.6362, -0.6733 0.5601 0.6353, -0.6726 0.5605 0.6432, -0.6739 0.5587 0.6276, -0.6737 0.5601 0.6306, -0.6737 0.5608 0.6298, -0.6724 0.5709 0.6452, -0.6709 0.5709 0.662, -0.6723 0.5703 0.6458, -0.6723 0.5693 0.6464, -0.6722 0.5675 0.647, -0.6722 0.565 0.6473, -0.6733 0.5597 0.6343, -0.6735 0.5596 0.633, -0.6736 0.5597 0.6317, -0.6723 0.5605 0.6464, -0.6722 0.5632 0.6472, -0.6738 0.5617 0.6289, -0.6739 0.5627 0.6283, -0.6739 0.5645 0.6277, -0.6724 0.5653 0.6446, -0.6724 0.5663 0.6445, -0.6727 0.569 0.642, -0.6725 0.5672 0.6443, -0.6725 0.568 0.6439, -0.6727 0.5689 0.6416, -0.6727 0.5688 0.6411, -0.6728 0.5686 0.6406, -0.6728 0.5682 0.6403, -0.6729 0.5671 0.6395, -0.6725 0.5631 0.6443, -0.673 0.565 0.6386, -0.6725 0.5612 0.6436, -0.673 0.5637 0.6381, -0.6731 0.5615 0.6369, -0.6725 0.5685 0.6434, -0.6726 0.5687 0.643, -0.6726 0.5689 0.6426, -0.6737 0.569 0.6304, -0.6732 0.5674 0.6362, -0.6731 0.5693 0.6371, -0.6737 0.5669 0.6301, -0.6737 0.5668 0.6301, -0.6733 0.5652 0.6353, -0.6737 0.5651 0.6303, -0.6735 0.563 0.6327, -0.6734 0.563 0.6331, -0.6737 0.5642 0.6306, -0.6736 0.5639 0.6308, -0.6736 0.5635 0.6312, -0.6736 0.5632 0.6316, -0.6735 0.5631 0.6321, -0.6734 0.5632 0.6336, -0.6734 0.5634 0.6341, -0.6733 0.5639 0.6345, -0.6722 0.5541 0.6469, -0.6722 0.5578 0.6469, -0.6739 0.5505 0.6276, -0.6739 0.5503 0.6279, -0.6734 0.5525 0.6333, -0.6742 0.5518 0.6245, -0.6739 0.5525 0.6276, -0.6743 0.5525 0.6233, -0.6743 0.5525 0.6233, -0.6744 0.5571 0.6222, -0.6747 0.5571 0.6192, -0.6744 0.5565 0.6219, -0.6744 0.5552 0.6218, -0.6744 0.5544 0.6219, -0.6746 0.5525 0.6195, -0.6747 0.5536 0.6191, -0.6748 0.5525 0.6171, -0.6747 0.555 0.6189, -0.6747 0.5557 0.6189, -0.6744 0.5537 0.6221, -0.6744 0.5531 0.6226, -0.6742 0.5482 0.625, -0.6744 0.5497 0.6221, -0.6748 0.5275 0.6171, -0.6739 0.5471 0.6276, -0.6745 0.5509 0.6206, -0.6746 0.5511 0.6204, -0.6746 0.5523 0.6196, -0.6702 0.6375 0.6698, -0.6702 0.6208 0.6698, -0.6701 0.6388 0.6716, -0.6679 0.6208 0.6969, -0.6697 0.6439 0.6759, -0.6676 0.6692 0.6996, -0.6679 0.6651 0.6969, -0.6681 0.6607 0.6939, -0.6688 0.6545 0.6867, -0.6694 0.6505 0.679, -0.6695 0.6496 0.6787, -0.6739 0.6938 0.6276, -0.6739 0.6939 0.6274, -0.6748 0.6208 0.6171, -0.6743 0.6962 0.6232, -0.6746 0.6994 0.6198, -0.6748 0.7032 0.6173, -0.6729 0.6696 0.6388, -0.6729 0.6683 0.6393, -0.672 0.666 0.6501, -0.6722 0.6974 0.6469, -0.6711 0.6719 0.6601, -0.672 0.7004 0.6496, -0.6718 0.7043 0.6519, -0.673 0.6707 0.638, -0.6715 0.6436 0.6557, -0.6712 0.6444 0.6593, -0.6709 0.6459 0.662, -0.6709 0.7404 0.662, -0.6727 0.6349 0.6415, -0.6732 0.6387 0.6363, -0.6739 0.6208 0.6276, -0.6729 0.6668 0.6395, -0.6729 0.6666 0.6395, -0.6729 0.6661 0.6394, -0.6711 0.6326 0.6604, -0.6716 0.6317 0.6542, -0.6722 0.6326 0.6475, -0.6715 0.7405 0.655, -0.6724 0.7271 0.6453, -0.6712 0.7408 0.6582, -0.6721 0.7238 0.6488, -0.6718 0.7199 0.6514, -0.6735 0.6439 0.6319, -0.6738 0.6497 0.6291, -0.6739 0.656 0.6278, -0.6734 0.6727 0.6336, -0.6733 0.6726 0.6344, -0.6732 0.6926 0.6361, -0.6732 0.6723 0.6358, -0.6731 0.6715 0.6371, -0.6719 0.7391 0.6504, -0.6723 0.7366 0.6464, -0.6727 0.7292 0.6414, -0.6726 0.7331 0.643, -0.6728 0.7294 0.6408, -0.6739 0.6672 0.6278, -0.6739 0.6683 0.6279, -0.6739 0.6695 0.6284, -0.6738 0.6707 0.6293, -0.6737 0.6712 0.6298, -0.6736 0.672 0.6309, -0.6735 0.6725 0.6322, -0.6735 0.6927 0.6321, -0.6733 0.6926 0.6342, -0.6717 0.7157 0.6528, -0.6717 0.7116 0.6533, -0.6717 0.7089 0.6531, -0.6725 0.6473 0.6441, -0.6722 0.6452 0.647, -0.6719 0.6439 0.6504, -0.6716 0.6435 0.654, -0.6729 0.6657 0.6393, -0.6729 0.6571 0.6393, -0.6728 0.6538 0.6399, -0.6727 0.6505 0.6414, -0.6725 0.6477 0.6437, -0.6705 0.7388 0.6666, -0.6709 0.7404 0.6623, -0.6703 0.6598 0.6688, -0.6703 0.6583 0.6688, -0.6709 0.6462 0.6626, -0.6707 0.6484 0.665, -0.6705 0.6514 0.6671, -0.6704 0.6547 0.6684, -0.6693 0.6639 0.6802, -0.6689 0.6682 0.6853, -0.6698 0.7118 0.6743, -0.6688 0.6686 0.6857, -0.6685 0.6739 0.6893, -0.6693 0.7089 0.6803, -0.6702 0.7367 0.6698, -0.6698 0.7136 0.6752, -0.6702 0.66 0.6698, -0.6699 0.661 0.6742, -0.6696 0.7179 0.6767, -0.6696 0.7218 0.6771, -0.6696 0.7239 0.677, -0.6689 0.7046 0.6853, -0.6683 0.6799 0.6916, -0.6686 0.6996 0.689, -0.6683 0.6864 0.6924, -0.6683 0.6934 0.6915, -0.6697 0.7286 0.6759, -0.6699 0.7328 0.6736, -0.6702 0.7363 0.6704, -0.6679 0.6064 0.6966, -0.6679 0.6098 0.6966, -0.6702 0.6098 0.67, -0.6699 0.6064 0.6731, -0.6699 0.5958 0.6731, -0.6702 0.5958 0.67, -0.6709 0.5951 0.662, -0.6716 0.5961 0.6545, -0.6718 0.5961 0.6514, -0.6718 0.6064 0.6514, -0.6726 0.6064 0.6429, -0.6736 0.5955 0.6309, -0.6739 0.5955 0.6279, -0.6739 0.5951 0.6276, -0.6739 0.6098 0.6279, -0.6716 0.6098 0.6545, -0.6729 0.6064 0.6398, -0.6736 0.6064 0.6309, -0.6729 0.5969 0.6398, -0.6726 0.5969 0.6429, -0.6562 0.5951 0.8302, -0.6748 0.5951 0.6171, -0.6739 0.5832 0.6281, -0.6679 0.5693 0.6966, -0.6679 0.5587 0.6966, -0.6702 0.5426 0.67, -0.6702 0.55 0.67, -0.6695 0.529 0.6787, -0.6697 0.5304 0.676, -0.6679 0.55 0.6966, -0.6679 0.5423 0.6966, -0.6679 0.5384 0.6962, -0.668 0.5352 0.6951, -0.6701 0.5353 0.6716, -0.6702 0.5384 0.6705, -0.6682 0.5322 0.6931, -0.6683 0.5314 0.6922, -0.6685 0.5297 0.6899, -0.6687 0.5287 0.6874, -0.669 0.5282 0.6837, -0.6692 0.5283 0.6818, -0.6699 0.5322 0.6738, -0.6699 0.5327 0.6734, -0.6562 0.5709 0.8302, -0.6562 0.5587 0.8302, -0.6562 0.5525 0.8302, -0.6562 0.5275 0.8302, -0.6562 0.5191 0.8302, -0.6562 0.4941 0.8302, -0.6716 0.505 0.654, -0.6717 0.5018 0.6529, -0.6709 0.4941 0.662, -0.6731 0.4956 0.6365, -0.6734 0.4969 0.6338, -0.6739 0.4941 0.6276, -0.6696 0.5093 0.6773, -0.6716 0.5089 0.6545, -0.6719 0.4988 0.6509, -0.672 0.4979 0.6501, -0.6722 0.4963 0.6478, -0.6738 0.5019 0.6295, -0.6739 0.505 0.6283, -0.6739 0.5092 0.6279, -0.6739 0.5165 0.6279, -0.6716 0.5165 0.6545, -0.6724 0.4953 0.6452, -0.6727 0.4948 0.6415, -0.6729 0.4949 0.6396, -0.6736 0.4988 0.6316, -0.6736 0.4993 0.6312, -0.6739 0.4895 0.6279, -0.6739 0.4933 0.6279, -0.6733 0.4758 0.6351, -0.6733 0.4869 0.6351, -0.6716 0.4832 0.6545, -0.6716 0.4795 0.6545, -0.6739 0.4731 0.6279, -0.6739 0.4693 0.6279, -0.6748 0.5191 0.6171, -0.6748 0.4941 0.6171, -0.6748 -0.2182 0.6171, -0.6748 -0.8896 0.6171, -0.6909 0.5951 0.4331, -0.6909 0.5935 0.4331, -0.6909 0.5758 0.4331, -0.6909 0.5709 0.4331, -0.6909 0.5587 0.4331, -0.6909 0.5525 0.4331, -0.6909 0.5275 0.4331, -0.6909 0.5191 0.4331, -0.6909 0.4941 0.4331, -0.6909 -0.2182 0.4331, -0.6909 -0.9057 0.4331, 0.6204 -0.9136 0.0753, 0.6517 -0.9449 0.4331, 0.5787 -0.9397 0.374, 0.5787 -0.9449 0.4331, 0.4213 -0.9449 0.4331, -0.4213 -0.9449 0.4331, 0.4213 -0.9397 0.374, -0.4213 -0.9397 0.374, -0.5787 -0.9449 0.4331, -0.6517 -0.9449 0.4331, -0.5787 -0.9397 0.374, -0.6204 -0.9136 0.0753, -0.4213 0.9397 0.374, -0.4213 0.9449 0.4331, 0.4213 0.9449 0.4331, 0.5787 0.9449 0.4331, 0.6517 0.9449 0.4331, 0.5787 0.9397 0.374, 0.6204 0.9136 0.0753, 0.4213 0.9397 0.374, -0.6204 0.9136 0.0753, -0.5787 0.9397 0.374, -0.6517 0.9449 0.4331, -0.5787 0.9449 0.4331, 0.6909 -0.9057 0.4331, 0.6909 0.9057 0.4331, 0.6562 -0.8709 0.8302, 0.6562 0.8709 0.8302, -0.617 0.9101 0.8302, 0.617 0.9101 0.8302, 0.617 -0.9101 0.8302, -0.617 -0.9101 0.8302, -0.5223 -0.7602 0.8661, -0.5281 -0.7462 0.8661, -0.617 -0.8709 0.8661, -0.414 -0.7311 0.8661, -0.4159 -0.7462 0.8661, 0.617 -0.8709 0.8661, -0.4217 -0.7602 0.8661, -0.431 -0.7722 0.8661, -0.5131 -0.6901 0.8661, -0.5011 -0.6809 0.8661, -0.617 0.8709 0.8661, -0.4871 -0.7872 0.8661, -0.5011 -0.7814 0.8661, -0.5131 -0.7722 0.8661, -0.5301 -0.7311 0.8661, -0.5281 -0.7161 0.8661, -0.5223 -0.7021 0.8661, -0.443 -0.7814 0.8661, -0.457 -0.7872 0.8661, -0.472 -0.7892 0.8661, -0.4871 -0.6751 0.8661, -0.472 -0.6731 0.8661, 0.617 0.8709 0.8661, -0.457 -0.6751 0.8661, -0.443 -0.6809 0.8661, -0.431 -0.6901 0.8661, -0.4217 -0.7021 0.8661, -0.4159 -0.7161 0.8661, 0.6596 -0.8744 0.0753, 0.6596 0.8744 0.0753, -0.6596 0.8744 0.0753, -0.6596 -0.8744 0.0753, -0.6204 0.8744 0.0394, 0.6204 0.8744 0.0394, -0.6204 -0.8744 0.0394, 0.6204 -0.8744 0.0394, 0.6543 -0.8709 0.8394, 0.6543 0.8709 0.8394, 0.6541 -0.8709 0.8397, 0.6541 0.8709 0.8397, 0.65 -0.8709 0.8482, 0.65 0.8709 0.8482, 0.6499 -0.8709 0.8484, 0.6499 0.8709 0.8484, 0.6437 -0.8709 0.8557, 0.6437 0.8709 0.8557, 0.6436 -0.8709 0.8558, 0.6436 0.8709 0.8558, 0.6358 -0.8709 0.8614, 0.6358 0.8709 0.8614, 0.6357 -0.8709 0.8614, 0.6357 0.8709 0.8614, 0.6267 -0.8709 0.8649, 0.6267 0.8709 0.8649, 0.6266 -0.8709 0.8649, 0.6266 0.8709 0.8649, 0.6428 -0.8778 0.8557, 0.6351 -0.8758 0.8614, 0.6263 -0.8734 0.8649, 0.6254 -0.8758 0.8649, 0.6218 -0.8793 0.8649, 0.6238 -0.8778 0.8649, 0.6195 -0.8803 0.8649, 0.653 -0.8806 0.8394, 0.6548 -0.881 0.831, 0.6548 -0.881 0.831, 0.6508 -0.8904 0.8314, 0.6493 -0.8896 0.8394, 0.6508 -0.8905 0.8314, 0.6433 -0.8973 0.8394, 0.6446 -0.8985 0.8316, 0.6356 -0.9032 0.8394, 0.6365 -0.9048 0.8314, 0.6365 -0.9048 0.8314, 0.6266 -0.9069 0.8394, 0.6271 -0.9087 0.831, 0.6271 -0.9087 0.831, 0.617 -0.9082 0.8394, 0.617 -0.8806 0.8649, 0.6333 -0.8803 0.8614, 0.6303 -0.8842 0.8614, 0.6264 -0.8872 0.8614, 0.6218 -0.8891 0.8614, 0.617 -0.8806 0.8649, 0.617 -0.8896 0.8614, 0.617 -0.8897 0.8614, 0.617 -0.8975 0.8558, 0.6401 -0.8843 0.8557, 0.6359 -0.8898 0.8557, 0.6303 -0.8941 0.8557, 0.6239 -0.8967 0.8557, 0.6489 -0.8795 0.8482, 0.6456 -0.8874 0.8482, 0.6403 -0.8943 0.8482, 0.6335 -0.8995 0.8482, 0.6255 -0.9028 0.8482, 0.617 -0.8976 0.8557, 0.617 -0.9038 0.8484, 0.617 -0.9039 0.8482, 0.617 -0.9081 0.8397, 0.617 0.9038 0.8484, 0.617 0.8976 0.8557, 0.6239 0.8967 0.8557, 0.6218 0.8891 0.8614, 0.6195 0.8803 0.8649, 0.6218 0.8793 0.8649, 0.6254 0.8758 0.8649, 0.6238 0.8778 0.8649, 0.6263 0.8734 0.8649, 0.617 0.8806 0.8649, 0.6266 0.9069 0.8394, 0.6271 0.9087 0.831, 0.6271 0.9087 0.831, 0.6365 0.9048 0.8314, 0.6356 0.9032 0.8394, 0.6365 0.9048 0.8314, 0.6433 0.8973 0.8394, 0.6446 0.8985 0.8316, 0.6493 0.8896 0.8394, 0.6508 0.8905 0.8314, 0.6508 0.8904 0.8314, 0.653 0.8806 0.8394, 0.6548 0.881 0.831, 0.6548 0.881 0.831, 0.617 0.8975 0.8558, 0.617 0.8897 0.8614, 0.617 0.8896 0.8614, 0.617 0.8806 0.8649, 0.6264 0.8872 0.8614, 0.6303 0.8842 0.8614, 0.6333 0.8803 0.8614, 0.6351 0.8758 0.8614, 0.6303 0.8941 0.8557, 0.6359 0.8898 0.8557, 0.6401 0.8843 0.8557, 0.6428 0.8778 0.8557, 0.617 0.9081 0.8397, 0.617 0.9039 0.8482, 0.6255 0.9028 0.8482, 0.6335 0.8995 0.8482, 0.6403 0.8943 0.8482, 0.6456 0.8874 0.8482, 0.6489 0.8795 0.8482, 0.617 0.9082 0.8394, -0.617 -0.9082 0.8394, -0.617 -0.9081 0.8397, -0.617 -0.9039 0.8482, -0.617 -0.9038 0.8484, -0.617 -0.8976 0.8557, -0.617 -0.8975 0.8558, -0.617 -0.8897 0.8614, -0.617 -0.8896 0.8614, -0.617 -0.8806 0.8649, -0.617 -0.8806 0.8649, 0.6896 -0.9158 0.4331, 0.688 -0.9207 0.4331, 0.6857 -0.9253 0.4331, 0.6829 -0.9296 0.4331, 0.6795 -0.9334 0.4331, 0.6756 -0.9368 0.4331, 0.6714 -0.9396 0.4331, 0.6668 -0.9419 0.4331, 0.6619 -0.9435 0.4331, 0.6619 0.9435 0.4331, 0.6668 0.9419 0.4331, 0.6714 0.9396 0.4331, 0.6756 0.9368 0.4331, 0.6795 0.9334 0.4331, 0.6829 0.9296 0.4331, 0.6857 0.9253 0.4331, 0.688 0.9207 0.4331, 0.6896 0.9158 0.4331, -0.617 0.9082 0.8394, -0.617 0.9081 0.8397, -0.617 0.9039 0.8482, -0.617 0.9038 0.8484, -0.617 0.8976 0.8557, -0.617 0.8975 0.8558, -0.617 0.8897 0.8614, -0.617 0.8896 0.8614, -0.617 0.8806 0.8649, -0.617 0.8806 0.8649, -0.6543 0.8709 0.8394, -0.6543 -0.8709 0.8394, -0.6541 0.8709 0.8397, -0.6541 -0.8709 0.8397, -0.65 0.8709 0.8482, -0.65 -0.8709 0.8482, -0.6499 0.8709 0.8484, -0.6499 -0.8709 0.8484, -0.6437 0.8709 0.8557, -0.6437 -0.8709 0.8557, -0.6436 0.8709 0.8558, -0.6436 -0.8709 0.8558, -0.6358 0.8709 0.8614, -0.6358 -0.8709 0.8614, -0.6357 0.8709 0.8614, -0.6357 -0.8709 0.8614, -0.6267 0.8709 0.8649, -0.6267 -0.8709 0.8649, -0.6266 0.8709 0.8649, -0.6266 -0.8709 0.8649, -0.6239 -0.8967 0.8557, -0.6218 -0.8891 0.8614, -0.6195 -0.8803 0.8649, -0.6218 -0.8793 0.8649, -0.6254 -0.8758 0.8649, -0.6238 -0.8778 0.8649, -0.6263 -0.8734 0.8649, -0.6266 -0.9069 0.8394, -0.6271 -0.9087 0.831, -0.6271 -0.9087 0.831, -0.6365 -0.9048 0.8314, -0.6356 -0.9032 0.8394, -0.6365 -0.9048 0.8314, -0.6433 -0.8973 0.8394, -0.6446 -0.8985 0.8316, -0.6493 -0.8896 0.8394, -0.6508 -0.8905 0.8314, -0.6508 -0.8904 0.8314, -0.653 -0.8806 0.8394, -0.6548 -0.881 0.831, -0.6548 -0.881 0.831, -0.6264 -0.8872 0.8614, -0.6303 -0.8842 0.8614, -0.6333 -0.8803 0.8614, -0.6351 -0.8758 0.8614, -0.6303 -0.8941 0.8557, -0.6359 -0.8898 0.8557, -0.6401 -0.8843 0.8557, -0.6428 -0.8778 0.8557, -0.6255 -0.9028 0.8482, -0.6335 -0.8995 0.8482, -0.6403 -0.8943 0.8482, -0.6456 -0.8874 0.8482, -0.6489 -0.8795 0.8482, 0.6305 -0.9122 0.0745, 0.6306 -0.9122 0.0745, 0.6399 -0.9082 0.0741, 0.64 -0.9082 0.0741, 0.6481 -0.902 0.0739, 0.6543 -0.8939 0.0741, 0.6543 -0.8939 0.0741, 0.6582 -0.8845 0.0745, 0.6582 -0.8845 0.0745, 0.6577 0.8744 0.0661, 0.6577 -0.8744 0.0661, 0.6576 0.8744 0.0658, 0.6576 -0.8744 0.0658, 0.6534 0.8744 0.0573, 0.6534 -0.8744 0.0573, 0.6533 0.8744 0.0571, 0.6533 -0.8744 0.0571, 0.6472 0.8744 0.0498, 0.6472 -0.8744 0.0498, 0.647 0.8744 0.0497, 0.647 -0.8744 0.0497, 0.6392 0.8744 0.0441, 0.6392 -0.8744 0.0441, 0.6391 0.8744 0.0441, 0.6391 -0.8744 0.0441, 0.6301 0.8744 0.0406, 0.6301 -0.8744 0.0406, 0.6301 0.8744 0.0406, 0.6301 -0.8744 0.0406, 0.6582 0.8845 0.0745, 0.6582 0.8845 0.0745, 0.6543 0.8939 0.0741, 0.6543 0.8939 0.0741, 0.6481 0.902 0.0739, 0.64 0.9082 0.0741, 0.6399 0.9082 0.0741, 0.6306 0.9122 0.0745, 0.6305 0.9122 0.0745, -0.6428 0.8778 0.8557, -0.6351 0.8758 0.8614, -0.6263 0.8734 0.8649, -0.6254 0.8758 0.8649, -0.6218 0.8793 0.8649, -0.6238 0.8778 0.8649, -0.6195 0.8803 0.8649, -0.653 0.8806 0.8394, -0.6548 0.881 0.831, -0.6548 0.881 0.831, -0.6508 0.8904 0.8314, -0.6493 0.8896 0.8394, -0.6508 0.8905 0.8314, -0.6433 0.8973 0.8394, -0.6446 0.8985 0.8316, -0.6356 0.9032 0.8394, -0.6365 0.9048 0.8314, -0.6365 0.9048 0.8314, -0.6266 0.9069 0.8394, -0.6271 0.9087 0.831, -0.6271 0.9087 0.831, -0.6333 0.8803 0.8614, -0.6303 0.8842 0.8614, -0.6264 0.8872 0.8614, -0.6218 0.8891 0.8614, -0.6401 0.8843 0.8557, -0.6359 0.8898 0.8557, -0.6303 0.8941 0.8557, -0.6239 0.8967 0.8557, -0.6489 0.8795 0.8482, -0.6456 0.8874 0.8482, -0.6403 0.8943 0.8482, -0.6335 0.8995 0.8482, -0.6255 0.9028 0.8482, -0.6619 -0.9435 0.4331, -0.6668 -0.9419 0.4331, -0.6714 -0.9396 0.4331, -0.6756 -0.9368 0.4331, -0.6795 -0.9334 0.4331, -0.6829 -0.9296 0.4331, -0.6857 -0.9253 0.4331, -0.688 -0.9207 0.4331, -0.6896 -0.9158 0.4331, 0.6204 -0.884 0.0406, 0.6229 -0.8837 0.0406, 0.6386 -0.8792 0.0441, 0.6462 -0.8813 0.0498, 0.6523 -0.8829 0.0573, 0.6564 -0.884 0.0661, 0.6527 -0.893 0.0661, 0.6204 -0.9116 0.0661, 0.6301 -0.9104 0.0661, 0.6204 -0.9115 0.0658, 0.629 -0.9063 0.0573, 0.649 -0.8909 0.0573, 0.6468 -0.9007 0.0661, 0.6204 -0.9074 0.0573, 0.6204 -0.9072 0.0571, 0.6273 -0.9002 0.0498, 0.6436 -0.8877 0.0498, 0.6438 -0.8977 0.0573, 0.6204 -0.9011 0.0498, 0.6204 -0.9009 0.0497, 0.6253 -0.8925 0.0441, 0.6393 -0.8933 0.0498, 0.6367 -0.8838 0.0441, 0.6298 -0.8769 0.0406, 0.6391 -0.9066 0.0661, 0.6369 -0.903 0.0573, 0.6338 -0.8975 0.0498, 0.6298 -0.8906 0.0441, 0.6253 -0.8828 0.0406, 0.6337 -0.8876 0.0441, 0.6288 -0.8792 0.0406, 0.6273 -0.8812 0.0406, 0.6204 -0.8931 0.0441, 0.6204 -0.893 0.0441, 0.6204 -0.8841 0.0406, 0.6298 0.8769 0.0406, 0.6204 0.893 0.0441, 0.6204 0.8931 0.0441, 0.6253 0.8925 0.0441, 0.6204 0.9009 0.0497, 0.6204 0.9011 0.0498, 0.6273 0.9002 0.0498, 0.629 0.9063 0.0573, 0.6301 0.9104 0.0661, 0.6391 0.9066 0.0661, 0.6564 0.884 0.0661, 0.6204 0.9116 0.0661, 0.6204 0.9115 0.0658, 0.6204 0.9074 0.0573, 0.6204 0.9072 0.0571, 0.6523 0.8829 0.0573, 0.6369 0.903 0.0573, 0.6468 0.9007 0.0661, 0.6462 0.8813 0.0498, 0.6338 0.8975 0.0498, 0.6438 0.8977 0.0573, 0.6386 0.8792 0.0441, 0.6393 0.8933 0.0498, 0.6298 0.8906 0.0441, 0.6229 0.8837 0.0406, 0.6527 0.893 0.0661, 0.649 0.8909 0.0573, 0.6436 0.8877 0.0498, 0.6367 0.8838 0.0441, 0.6288 0.8792 0.0406, 0.6204 0.884 0.0406, 0.6204 0.8841 0.0406, 0.6337 0.8876 0.0441, 0.6253 0.8828 0.0406, 0.6273 0.8812 0.0406, -0.6896 0.9158 0.4331, -0.688 0.9207 0.4331, -0.6857 0.9253 0.4331, -0.6829 0.9296 0.4331, -0.6795 0.9334 0.4331, -0.6756 0.9368 0.4331, -0.6714 0.9396 0.4331, -0.6668 0.9419 0.4331, -0.6619 0.9435 0.4331, -0.6582 -0.8845 0.0745, -0.6582 -0.8845 0.0745, -0.6543 -0.8939 0.0741, -0.6543 -0.8939 0.0741, -0.6481 -0.902 0.0739, -0.64 -0.9082 0.0741, -0.6399 -0.9082 0.0741, -0.6306 -0.9122 0.0745, -0.6305 -0.9122 0.0745, -0.6204 -0.9116 0.0661, -0.6204 -0.9115 0.0658, -0.6204 -0.9074 0.0573, -0.6204 -0.9072 0.0571, -0.6204 -0.9011 0.0498, -0.6204 -0.9009 0.0497, -0.6204 -0.8931 0.0441, -0.6204 -0.893 0.0441, -0.6204 -0.8841 0.0406, -0.6204 -0.884 0.0406, -0.6204 0.9116 0.0661, -0.6204 0.9115 0.0658, -0.6204 0.9074 0.0573, -0.6204 0.9072 0.0571, -0.6204 0.9011 0.0498, -0.6204 0.9009 0.0497, -0.6204 0.8931 0.0441, -0.6204 0.893 0.0441, -0.6204 0.8841 0.0406, -0.6204 0.884 0.0406, -0.6305 0.9122 0.0745, -0.6306 0.9122 0.0745, -0.6399 0.9082 0.0741, -0.64 0.9082 0.0741, -0.6481 0.902 0.0739, -0.6543 0.8939 0.0741, -0.6543 0.8939 0.0741, -0.6582 0.8845 0.0745, -0.6582 0.8845 0.0745, -0.6301 -0.8744 0.0406, -0.6298 -0.8769 0.0406, -0.6253 -0.8925 0.0441, -0.6273 -0.9002 0.0498, -0.629 -0.9063 0.0573, -0.6301 -0.9104 0.0661, -0.6391 -0.9066 0.0661, -0.6577 -0.8744 0.0661, -0.6564 -0.884 0.0661, -0.6576 -0.8744 0.0658, -0.6523 -0.8829 0.0573, -0.6369 -0.903 0.0573, -0.6468 -0.9007 0.0661, -0.6534 -0.8744 0.0573, -0.6533 -0.8744 0.0571, -0.6462 -0.8813 0.0498, -0.6338 -0.8975 0.0498, -0.6438 -0.8977 0.0573, -0.6472 -0.8744 0.0498, -0.647 -0.8744 0.0497, -0.6386 -0.8792 0.0441, -0.6393 -0.8933 0.0498, -0.6298 -0.8906 0.0441, -0.6229 -0.8837 0.0406, -0.6527 -0.893 0.0661, -0.649 -0.8909 0.0573, -0.6436 -0.8877 0.0498, -0.6367 -0.8838 0.0441, -0.6288 -0.8792 0.0406, -0.6337 -0.8876 0.0441, -0.6253 -0.8828 0.0406, -0.6273 -0.8812 0.0406, -0.6392 -0.8744 0.0441, -0.6391 -0.8744 0.0441, -0.6301 -0.8744 0.0406, -0.6229 0.8837 0.0406, -0.6391 0.8744 0.0441, -0.6392 0.8744 0.0441, -0.6386 0.8792 0.0441, -0.647 0.8744 0.0497, -0.6472 0.8744 0.0498, -0.6462 0.8813 0.0498, -0.6523 0.8829 0.0573, -0.6564 0.884 0.0661, -0.6527 0.893 0.0661, -0.6301 0.9104 0.0661, -0.6577 0.8744 0.0661, -0.6576 0.8744 0.0658, -0.6534 0.8744 0.0573, -0.6533 0.8744 0.0571, -0.629 0.9063 0.0573, -0.649 0.8909 0.0573, -0.6468 0.9007 0.0661, -0.6273 0.9002 0.0498, -0.6436 0.8877 0.0498, -0.6438 0.8977 0.0573, -0.6253 0.8925 0.0441, -0.6393 0.8933 0.0498, -0.6367 0.8838 0.0441, -0.6298 0.8769 0.0406, -0.6391 0.9066 0.0661, -0.6369 0.903 0.0573, -0.6338 0.8975 0.0498, -0.6298 0.8906 0.0441, -0.6253 0.8828 0.0406, -0.6301 0.8744 0.0406, -0.6301 0.8744 0.0406, -0.6337 0.8876 0.0441, -0.6288 0.8792 0.0406, -0.6273 0.8812 0.0406
            ]
        }
        coordIndex [
            0,1,2,-1,3,4,5,-1,6,7,8,-1,9,10,11,-1,12,13,14,-1,15,16,17,-1,17,16,18,-1,17,18,19,-1,19,18,20,-1,19,20,21,-1,21,20,22,-1,21,22,23,-1,23,22,24,-1,23,24,25,-1,25,24,26,-1,27,28,29,-1,30,31,32,-1,33,19,34,-1,34,19,21,-1,34,21,35,-1,35,21,36,-1,35,36,37,-1,37,36,38,-1,37,38,39,-1,40,41,31,-1,31,41,42,-1,31,42,32,-1,9,11,43,-1,43,11,44,-1,43,44,45,-1,45,44,46,-1,45,46,47,-1,47,46,48,-1,47,48,49,-1,50,51,52,-1,51,53,52,-1,52,53,54,-1,52,54,55,-1,55,54,56,-1,55,56,57,-1,57,56,58,-1,57,58,59,-1,60,61,62,-1,60,62,63,-1,59,64,57,-1,57,64,65,-1,57,65,62,-1,62,65,66,-1,62,66,63,-1,63,66,67,-1,61,68,62,-1,62,68,69,-1,62,69,70,-1,70,69,71,-1,71,72,70,-1,70,72,73,-1,70,73,74,-1,75,76,77,-1,73,78,74,-1,74,78,79,-1,74,79,80,-1,80,79,81,-1,80,81,82,-1,77,76,83,-1,83,76,84,-1,83,84,85,-1,82,86,80,-1,80,86,87,-1,80,87,75,-1,75,77,80,-1,80,77,88,-1,80,88,89,-1,88,90,89,-1,89,90,91,-1,89,91,92,-1,92,91,93,-1,92,93,94,-1,95,96,97,-1,98,99,96,-1,100,101,102,-1,102,101,103,-1,100,104,101,-1,101,104,105,-1,101,105,106,-1,106,105,107,-1,108,109,101,-1,101,109,110,-1,101,110,111,-1,96,95,98,-1,98,95,112,-1,98,112,101,-1,101,112,113,-1,101,113,108,-1,111,114,101,-1,101,114,115,-1,101,115,103,-1,116,117,118,-1,119,120,105,-1,105,120,121,-1,105,121,107,-1,116,118,105,-1,105,118,122,-1,105,122,119,-1,123,124,125,-1,125,124,126,-1,125,126,97,-1,97,126,127,-1,97,127,95,-1,128,129,130,-1,130,129,131,-1,130,131,132,-1,133,134,135,-1,136,137,135,-1,135,137,138,-1,135,138,133,-1,8,7,139,-1,140,141,135,-1,135,141,142,-1,135,142,136,-1,7,143,139,-1,139,143,144,-1,139,144,140,-1,140,144,145,-1,140,145,141,-1,146,8,147,-1,147,8,148,-1,146,149,8,-1,8,149,150,-1,8,150,6,-1,151,152,153,-1,153,152,154,-1,153,154,155,-1,155,154,156,-1,155,156,157,-1,157,156,158,-1,159,160,0,-1,161,162,163,-1,163,162,164,-1,165,166,167,-1,167,166,168,-1,167,168,169,-1,169,168,159,-1,169,159,170,-1,171,172,173,-1,173,172,174,-1,173,174,164,-1,0,160,1,-1,1,160,175,-1,1,175,176,-1,177,178,179,-1,178,177,180,-1,180,177,181,-1,180,181,182,-1,183,184,185,-1,186,187,188,-1,185,184,189,-1,189,184,190,-1,189,190,182,-1,182,190,191,-1,182,191,180,-1,192,193,194,-1,195,196,197,-1,198,199,200,-1,200,199,201,-1,202,203,199,-1,199,203,204,-1,205,206,154,-1,154,206,207,-1,154,207,208,-1,193,209,194,-1,194,209,210,-1,194,210,211,-1,211,210,212,-1,213,214,212,-1,212,214,215,-1,212,215,211,-1,198,216,199,-1,199,216,217,-1,199,217,202,-1,218,219,197,-1,197,219,220,-1,197,220,221,-1,152,222,223,-1,208,224,154,-1,154,224,225,-1,154,225,226,-1,192,194,223,-1,223,194,227,-1,223,227,152,-1,227,228,152,-1,152,228,229,-1,152,229,154,-1,154,229,230,-1,154,230,205,-1,231,232,212,-1,212,232,233,-1,212,233,234,-1,234,235,212,-1,212,235,236,-1,212,236,213,-1,237,238,239,-1,239,238,240,-1,239,240,241,-1,242,243,154,-1,154,243,244,-1,154,244,245,-1,246,247,248,-1,249,250,251,-1,246,248,252,-1,247,242,248,-1,248,242,154,-1,248,154,195,-1,195,154,226,-1,195,226,196,-1,249,251,248,-1,248,251,253,-1,248,253,252,-1,254,255,256,-1,256,255,257,-1,256,257,195,-1,195,257,258,-1,195,258,248,-1,259,260,261,-1,261,260,262,-1,263,264,265,-1,266,267,268,-1,245,269,270,-1,270,269,271,-1,271,272,270,-1,270,272,273,-1,270,273,274,-1,275,276,266,-1,266,276,277,-1,266,277,267,-1,264,275,265,-1,265,275,266,-1,265,266,278,-1,278,266,2,-1,278,2,279,-1,279,2,274,-1,268,280,266,-1,266,280,281,-1,266,281,282,-1,283,284,285,-1,285,284,286,-1,285,286,287,-1,285,288,283,-1,283,288,289,-1,283,289,290,-1,290,291,283,-1,283,291,292,-1,283,292,293,-1,293,292,294,-1,293,294,295,-1,295,294,296,-1,295,296,265,-1,265,296,297,-1,265,297,263,-1,298,299,287,-1,287,299,300,-1,287,300,285,-1,301,302,250,-1,250,302,303,-1,250,303,251,-1,301,304,302,-1,302,304,305,-1,302,305,306,-1,306,305,307,-1,306,308,309,-1,307,310,306,-1,306,310,311,-1,306,311,312,-1,312,313,306,-1,306,313,314,-1,306,314,308,-1,309,315,306,-1,306,315,316,-1,306,316,317,-1,32,27,30,-1,30,27,29,-1,30,29,318,-1,318,29,319,-1,320,321,322,-1,323,324,325,-1,325,324,326,-1,324,266,327,-1,282,261,266,-1,266,261,262,-1,266,262,327,-1,327,262,328,-1,327,329,324,-1,324,329,330,-1,324,330,331,-1,332,333,334,-1,334,333,335,-1,334,335,262,-1,262,335,336,-1,262,336,328,-1,331,337,324,-1,324,337,338,-1,324,338,326,-1,339,340,341,-1,339,341,342,-1,340,343,341,-1,341,343,344,-1,341,344,334,-1,334,344,345,-1,334,345,332,-1,346,347,348,-1,348,347,349,-1,348,349,350,-1,351,352,349,-1,349,352,353,-1,349,353,354,-1,354,355,349,-1,349,355,356,-1,349,356,350,-1,357,358,359,-1,358,360,359,-1,359,360,361,-1,359,361,362,-1,363,364,365,-1,366,367,368,-1,368,367,369,-1,363,365,370,-1,371,372,367,-1,367,372,373,-1,367,373,374,-1,375,376,377,-1,364,378,365,-1,365,378,379,-1,365,379,380,-1,4,381,5,-1,5,381,382,-1,5,382,377,-1,377,382,383,-1,377,383,375,-1,384,385,386,-1,386,385,387,-1,386,387,374,-1,374,387,388,-1,376,389,377,-1,377,389,390,-1,377,390,391,-1,392,393,394,-1,394,393,395,-1,394,395,365,-1,365,395,396,-1,365,396,370,-1,384,397,385,-1,385,397,398,-1,385,398,399,-1,399,398,400,-1,399,400,401,-1,402,403,357,-1,403,404,357,-1,357,404,405,-1,357,405,406,-1,406,407,357,-1,357,407,408,-1,357,408,409,-1,409,408,392,-1,409,392,410,-1,410,392,394,-1,388,411,374,-1,374,411,412,-1,374,412,367,-1,367,412,413,-1,367,413,369,-1,414,415,365,-1,365,415,416,-1,365,416,367,-1,367,416,417,-1,367,417,371,-1,380,418,365,-1,365,418,419,-1,365,419,420,-1,420,421,365,-1,365,421,422,-1,365,422,414,-1,423,424,425,-1,424,374,425,-1,425,374,373,-1,425,373,426,-1,426,373,427,-1,427,428,426,-1,426,428,429,-1,426,429,430,-1,431,432,433,-1,432,434,433,-1,433,434,435,-1,433,435,436,-1,437,433,438,-1,423,425,437,-1,437,425,439,-1,437,439,433,-1,433,439,440,-1,433,440,431,-1,438,441,437,-1,437,441,442,-1,437,442,443,-1,436,435,444,-1,444,435,445,-1,444,445,446,-1,446,445,447,-1,446,447,448,-1,449,450,443,-1,443,450,451,-1,443,451,437,-1,140,349,452,-1,452,349,453,-1,453,349,454,-1,454,349,347,-1,454,347,139,-1,452,455,140,-1,140,455,456,-1,140,456,139,-1,139,456,457,-1,139,457,454,-1,458,459,460,-1,460,461,462,-1,463,464,465,-1,465,464,466,-1,459,458,467,-1,467,458,5,-1,467,5,466,-1,466,5,377,-1,466,377,465,-1,468,469,470,-1,470,469,463,-1,470,463,471,-1,94,351,92,-1,92,351,349,-1,92,349,472,-1,472,349,140,-1,472,140,131,-1,131,140,135,-1,131,135,132,-1,132,135,134,-1,346,3,347,-1,347,3,5,-1,347,5,139,-1,139,5,458,-1,139,458,8,-1,8,458,152,-1,8,152,148,-1,148,152,151,-1,462,471,460,-1,460,471,463,-1,460,463,458,-1,458,463,465,-1,458,465,152,-1,152,465,199,-1,152,199,222,-1,222,199,204,-1,237,201,238,-1,238,201,199,-1,238,199,473,-1,473,199,465,-1,473,465,359,-1,359,465,377,-1,359,377,357,-1,357,377,391,-1,357,391,402,-1,245,270,154,-1,154,270,96,-1,154,96,156,-1,156,96,99,-1,156,99,158,-1,221,474,197,-1,197,474,241,-1,197,241,195,-1,195,241,240,-1,195,240,256,-1,256,240,260,-1,256,260,254,-1,254,260,259,-1,274,2,270,-1,270,2,1,-1,270,1,96,-1,96,1,176,-1,96,176,97,-1,97,176,475,-1,97,475,161,-1,161,475,476,-1,161,476,162,-1,477,478,0,-1,0,478,163,-1,0,163,159,-1,159,163,164,-1,159,164,170,-1,170,164,174,-1,479,480,185,-1,478,481,163,-1,163,481,482,-1,163,482,189,-1,189,482,483,-1,189,483,484,-1,485,486,185,-1,484,487,189,-1,189,487,488,-1,189,488,489,-1,486,477,185,-1,185,477,0,-1,185,0,29,-1,29,0,2,-1,29,2,319,-1,319,2,266,-1,319,266,322,-1,322,266,324,-1,322,324,320,-1,320,324,323,-1,489,490,189,-1,189,490,491,-1,189,491,185,-1,185,491,492,-1,185,492,479,-1,480,493,185,-1,185,493,494,-1,185,494,485,-1,186,14,34,-1,34,14,13,-1,34,13,33,-1,128,123,129,-1,129,123,125,-1,129,125,495,-1,495,125,97,-1,495,97,496,-1,496,97,161,-1,496,161,497,-1,497,161,163,-1,497,163,498,-1,498,163,189,-1,498,189,499,-1,499,189,182,-1,499,182,500,-1,500,182,181,-1,501,502,503,-1,504,505,506,-1,507,187,179,-1,179,187,186,-1,179,186,177,-1,177,186,34,-1,177,34,503,-1,503,34,508,-1,503,508,501,-1,502,509,503,-1,503,509,510,-1,503,510,511,-1,512,513,506,-1,506,513,514,-1,506,514,35,-1,35,514,515,-1,35,515,34,-1,34,515,516,-1,34,516,508,-1,511,517,503,-1,503,517,518,-1,503,518,506,-1,506,518,519,-1,506,519,504,-1,505,520,506,-1,506,520,521,-1,506,521,512,-1,522,523,506,-1,524,525,522,-1,506,523,503,-1,503,523,526,-1,503,526,527,-1,524,522,528,-1,528,522,506,-1,528,506,529,-1,529,506,48,-1,529,48,527,-1,527,48,46,-1,527,46,503,-1,503,46,44,-1,503,44,177,-1,177,44,11,-1,177,11,181,-1,181,11,10,-1,181,10,500,-1,188,183,186,-1,186,183,185,-1,186,185,14,-1,14,185,29,-1,14,29,12,-1,12,29,28,-1,12,28,39,-1,39,28,342,-1,39,342,37,-1,37,342,341,-1,37,341,35,-1,35,341,530,-1,35,530,506,-1,506,530,531,-1,506,531,48,-1,48,531,532,-1,48,532,49,-1,49,532,533,-1,362,50,359,-1,359,50,52,-1,359,52,473,-1,473,52,534,-1,473,534,238,-1,238,534,535,-1,238,535,240,-1,240,535,536,-1,240,536,260,-1,260,536,537,-1,260,537,262,-1,262,537,538,-1,262,538,334,-1,334,538,539,-1,334,539,341,-1,341,539,540,-1,341,540,530,-1,530,540,541,-1,530,541,531,-1,531,541,542,-1,531,542,532,-1,532,542,543,-1,532,543,533,-1,533,543,544,-1,545,546,547,-1,547,546,548,-1,549,550,551,-1,551,550,552,-1,553,554,555,-1,555,554,556,-1,555,556,552,-1,552,556,545,-1,552,545,551,-1,551,545,547,-1,557,558,559,-1,560,561,562,-1,562,561,563,-1,562,563,564,-1,564,563,565,-1,559,564,557,-1,557,564,565,-1,557,565,566,-1,566,565,567,-1,566,567,568,-1,569,570,571,-1,571,570,572,-1,568,567,573,-1,561,560,574,-1,574,560,559,-1,574,559,573,-1,573,559,558,-1,573,558,568,-1,548,546,575,-1,554,553,576,-1,576,553,550,-1,576,550,575,-1,575,550,549,-1,575,549,548,-1,577,578,579,-1,580,581,582,-1,582,581,583,-1,582,583,584,-1,585,586,587,-1,588,589,579,-1,579,589,590,-1,579,590,577,-1,578,591,579,-1,579,591,592,-1,579,592,587,-1,587,592,593,-1,587,593,585,-1,584,594,582,-1,582,594,595,-1,582,595,579,-1,579,595,596,-1,579,596,588,-1,586,597,587,-1,587,597,598,-1,587,598,599,-1,599,598,600,-1,599,600,601,-1,601,602,599,-1,599,602,603,-1,599,603,582,-1,582,603,604,-1,582,604,580,-1,605,606,569,-1,569,606,570,-1,607,608,55,-1,55,608,544,-1,609,610,611,-1,611,610,612,-1,571,572,613,-1,613,572,614,-1,613,614,615,-1,615,614,616,-1,615,616,617,-1,617,616,618,-1,617,618,619,-1,619,618,620,-1,619,620,621,-1,621,620,622,-1,621,622,623,-1,623,622,624,-1,623,624,625,-1,625,624,626,-1,625,626,627,-1,627,626,628,-1,627,628,629,-1,629,628,630,-1,629,630,631,-1,630,632,631,-1,631,632,599,-1,631,599,582,-1,619,621,633,-1,634,635,636,-1,582,637,638,-1,639,637,582,-1,636,635,582,-1,631,582,635,-1,640,641,642,-1,641,640,643,-1,643,640,644,-1,643,644,645,-1,645,644,646,-1,645,646,647,-1,647,646,648,-1,647,648,649,-1,649,648,650,-1,650,648,651,-1,650,651,652,-1,652,651,653,-1,653,651,654,-1,653,654,575,-1,655,639,582,-1,623,625,634,-1,634,625,627,-1,634,627,635,-1,635,627,629,-1,635,629,631,-1,656,638,657,-1,657,638,637,-1,657,637,658,-1,658,637,639,-1,658,639,659,-1,655,660,639,-1,639,660,661,-1,639,661,659,-1,659,661,662,-1,659,662,663,-1,633,656,664,-1,664,656,657,-1,664,657,665,-1,665,657,658,-1,665,658,666,-1,666,658,659,-1,666,659,667,-1,667,659,663,-1,615,617,668,-1,668,617,619,-1,619,633,668,-1,668,633,664,-1,668,664,669,-1,669,664,665,-1,669,665,670,-1,670,665,666,-1,670,666,671,-1,671,666,667,-1,671,667,672,-1,621,623,633,-1,633,623,634,-1,633,634,656,-1,656,634,636,-1,656,636,638,-1,638,636,582,-1,615,640,613,-1,613,640,642,-1,613,642,571,-1,663,673,667,-1,667,673,674,-1,667,674,672,-1,672,674,675,-1,672,675,676,-1,615,668,640,-1,640,668,669,-1,640,669,644,-1,644,669,670,-1,644,670,646,-1,646,670,671,-1,646,671,648,-1,648,671,672,-1,648,672,651,-1,651,672,676,-1,651,676,654,-1,677,678,679,-1,680,681,682,-1,599,683,684,-1,685,683,599,-1,682,681,599,-1,686,599,681,-1,687,688,689,-1,688,687,690,-1,690,687,691,-1,690,691,692,-1,692,691,693,-1,692,693,694,-1,694,693,695,-1,694,695,696,-1,696,695,697,-1,697,695,698,-1,697,698,699,-1,699,698,700,-1,700,698,614,-1,700,614,572,-1,632,685,599,-1,701,702,680,-1,680,702,703,-1,680,703,681,-1,681,703,704,-1,681,704,686,-1,705,684,706,-1,706,684,683,-1,706,683,707,-1,707,683,685,-1,707,685,708,-1,632,630,685,-1,685,630,628,-1,685,628,708,-1,708,628,626,-1,708,626,624,-1,679,705,709,-1,709,705,706,-1,709,706,710,-1,710,706,707,-1,710,707,711,-1,711,707,708,-1,711,708,712,-1,712,708,624,-1,713,714,715,-1,715,714,677,-1,677,679,715,-1,715,679,709,-1,715,709,716,-1,716,709,710,-1,716,710,717,-1,717,710,711,-1,717,711,718,-1,718,711,712,-1,718,712,719,-1,678,701,679,-1,679,701,680,-1,679,680,705,-1,705,680,682,-1,705,682,684,-1,684,682,599,-1,713,687,720,-1,720,687,689,-1,720,689,574,-1,624,622,712,-1,712,622,620,-1,712,620,719,-1,719,620,618,-1,719,618,616,-1,713,715,687,-1,687,715,716,-1,687,716,691,-1,691,716,717,-1,691,717,693,-1,693,717,718,-1,693,718,695,-1,695,718,719,-1,695,719,698,-1,698,719,616,-1,698,616,614,-1,576,575,721,-1,721,575,654,-1,721,654,722,-1,722,654,676,-1,722,676,723,-1,723,676,675,-1,723,675,724,-1,724,675,674,-1,724,674,725,-1,725,674,673,-1,725,673,726,-1,726,673,663,-1,726,663,727,-1,727,663,662,-1,727,662,728,-1,728,662,661,-1,728,661,729,-1,729,661,660,-1,729,660,730,-1,660,655,730,-1,730,655,582,-1,730,582,579,-1,571,642,569,-1,569,642,731,-1,731,642,732,-1,732,642,641,-1,732,641,733,-1,733,641,643,-1,733,643,734,-1,734,643,645,-1,734,645,735,-1,735,645,647,-1,735,647,736,-1,736,647,649,-1,736,649,737,-1,737,649,650,-1,737,650,738,-1,738,650,652,-1,738,652,739,-1,652,653,739,-1,739,653,575,-1,739,575,546,-1,574,689,561,-1,561,689,740,-1,740,689,741,-1,741,689,688,-1,741,688,742,-1,742,688,690,-1,742,690,743,-1,743,690,692,-1,743,692,744,-1,744,692,694,-1,744,694,745,-1,745,694,696,-1,745,696,746,-1,746,696,697,-1,746,697,747,-1,747,697,699,-1,747,699,748,-1,699,700,748,-1,748,700,572,-1,748,572,570,-1,574,573,720,-1,720,573,749,-1,720,749,713,-1,713,749,750,-1,713,750,714,-1,714,750,751,-1,714,751,677,-1,677,751,752,-1,677,752,678,-1,678,752,753,-1,678,753,701,-1,701,753,754,-1,701,754,702,-1,702,754,755,-1,702,755,703,-1,703,755,756,-1,703,756,704,-1,704,756,757,-1,704,757,686,-1,757,758,686,-1,686,758,587,-1,686,587,599,-1,89,9,759,-1,759,9,760,-1,759,760,761,-1,761,760,762,-1,761,762,763,-1,763,762,764,-1,763,764,765,-1,765,764,766,-1,765,766,767,-1,767,766,768,-1,767,768,769,-1,769,768,770,-1,769,770,771,-1,771,770,772,-1,771,772,773,-1,773,772,774,-1,773,774,775,-1,775,774,776,-1,775,776,777,-1,776,778,777,-1,777,778,579,-1,777,579,587,-1,724,725,779,-1,780,781,782,-1,579,783,784,-1,785,783,579,-1,782,781,579,-1,730,579,781,-1,786,787,788,-1,787,786,789,-1,789,786,790,-1,789,790,791,-1,791,790,792,-1,791,792,793,-1,793,792,794,-1,793,794,795,-1,795,794,796,-1,796,794,797,-1,796,797,798,-1,798,797,799,-1,799,797,760,-1,799,760,9,-1,778,785,579,-1,726,727,780,-1,780,727,728,-1,780,728,781,-1,781,728,729,-1,781,729,730,-1,800,784,801,-1,801,784,783,-1,801,783,802,-1,802,783,785,-1,802,785,803,-1,778,776,785,-1,785,776,774,-1,785,774,803,-1,803,774,772,-1,803,772,770,-1,779,800,804,-1,804,800,801,-1,804,801,805,-1,805,801,802,-1,805,802,806,-1,806,802,803,-1,806,803,807,-1,807,803,770,-1,722,723,808,-1,808,723,724,-1,724,779,808,-1,808,779,804,-1,808,804,809,-1,809,804,805,-1,809,805,810,-1,810,805,806,-1,810,806,811,-1,811,806,807,-1,811,807,812,-1,725,726,779,-1,779,726,780,-1,779,780,800,-1,800,780,782,-1,800,782,784,-1,784,782,579,-1,722,786,721,-1,721,786,788,-1,721,788,576,-1,770,768,807,-1,807,768,766,-1,807,766,812,-1,812,766,764,-1,812,764,762,-1,722,808,786,-1,786,808,809,-1,786,809,790,-1,790,809,810,-1,790,810,792,-1,792,810,811,-1,792,811,794,-1,794,811,812,-1,794,812,797,-1,797,812,762,-1,797,762,760,-1,545,813,546,-1,546,813,739,-1,739,813,738,-1,738,813,814,-1,738,814,737,-1,737,814,815,-1,737,815,736,-1,736,815,816,-1,736,816,735,-1,735,816,817,-1,735,817,734,-1,734,817,818,-1,734,818,733,-1,733,818,819,-1,733,819,732,-1,732,819,820,-1,732,820,731,-1,820,821,731,-1,731,821,605,-1,731,605,569,-1,606,605,822,-1,822,605,823,-1,822,823,824,-1,824,823,825,-1,824,825,826,-1,826,825,827,-1,826,827,828,-1,828,827,829,-1,828,829,830,-1,830,829,831,-1,830,831,832,-1,832,831,833,-1,832,833,834,-1,834,833,835,-1,834,835,836,-1,836,835,837,-1,836,837,838,-1,838,837,839,-1,838,839,840,-1,839,841,840,-1,840,841,612,-1,840,612,610,-1,606,842,570,-1,570,842,748,-1,748,842,747,-1,747,842,843,-1,747,843,746,-1,746,843,844,-1,746,844,745,-1,745,844,845,-1,745,845,744,-1,744,845,846,-1,744,846,743,-1,743,846,847,-1,743,847,742,-1,742,847,848,-1,742,848,741,-1,741,848,849,-1,741,849,740,-1,849,850,740,-1,740,850,563,-1,740,563,561,-1,765,767,851,-1,852,853,854,-1,587,855,856,-1,857,855,587,-1,854,853,587,-1,777,587,853,-1,858,859,860,-1,859,858,861,-1,861,858,862,-1,861,862,863,-1,863,862,864,-1,863,864,865,-1,865,864,866,-1,865,866,867,-1,867,866,868,-1,868,866,869,-1,868,869,870,-1,870,869,871,-1,871,869,749,-1,871,749,573,-1,758,857,587,-1,769,771,852,-1,852,771,773,-1,852,773,853,-1,853,773,775,-1,853,775,777,-1,872,856,873,-1,873,856,855,-1,873,855,874,-1,874,855,857,-1,874,857,875,-1,758,757,857,-1,857,757,756,-1,857,756,875,-1,875,756,755,-1,875,755,754,-1,851,872,876,-1,876,872,873,-1,876,873,877,-1,877,873,874,-1,877,874,878,-1,878,874,875,-1,878,875,879,-1,879,875,754,-1,761,763,880,-1,880,763,765,-1,765,851,880,-1,880,851,876,-1,880,876,881,-1,881,876,877,-1,881,877,882,-1,882,877,878,-1,882,878,883,-1,883,878,879,-1,883,879,884,-1,767,769,851,-1,851,769,852,-1,851,852,872,-1,872,852,854,-1,872,854,856,-1,856,854,587,-1,761,858,759,-1,759,858,860,-1,759,860,89,-1,754,753,879,-1,879,753,752,-1,879,752,884,-1,884,752,751,-1,884,751,750,-1,761,880,858,-1,858,880,881,-1,858,881,862,-1,862,881,882,-1,862,882,864,-1,864,882,883,-1,864,883,866,-1,866,883,884,-1,866,884,869,-1,869,884,750,-1,869,750,749,-1,576,788,554,-1,554,788,885,-1,885,788,886,-1,886,788,787,-1,886,787,887,-1,887,787,789,-1,887,789,888,-1,888,789,791,-1,888,791,889,-1,889,791,793,-1,889,793,890,-1,890,793,795,-1,890,795,891,-1,891,795,796,-1,891,796,892,-1,892,796,798,-1,892,798,893,-1,798,799,893,-1,893,799,9,-1,893,9,544,-1,894,612,895,-1,837,835,896,-1,833,831,897,-1,898,899,900,-1,813,545,901,-1,815,814,902,-1,902,814,813,-1,821,820,899,-1,899,820,819,-1,899,819,900,-1,900,819,818,-1,900,818,817,-1,605,821,823,-1,823,821,899,-1,823,899,825,-1,825,899,898,-1,825,898,827,-1,827,898,829,-1,813,901,902,-1,902,901,903,-1,902,903,904,-1,831,829,897,-1,897,829,898,-1,897,898,905,-1,905,898,900,-1,905,900,906,-1,906,900,817,-1,903,907,904,-1,904,907,908,-1,904,908,909,-1,835,833,896,-1,896,833,897,-1,896,897,910,-1,910,897,905,-1,910,905,911,-1,911,905,906,-1,908,912,909,-1,909,912,913,-1,909,913,914,-1,911,915,910,-1,910,915,916,-1,910,916,896,-1,896,916,917,-1,896,917,837,-1,816,815,918,-1,918,815,902,-1,918,902,919,-1,919,902,904,-1,919,904,920,-1,920,904,909,-1,920,909,921,-1,921,909,914,-1,921,914,922,-1,922,914,895,-1,922,895,612,-1,612,841,917,-1,917,841,839,-1,917,839,837,-1,915,923,916,-1,916,923,924,-1,916,924,917,-1,917,924,612,-1,923,925,924,-1,924,925,612,-1,913,926,914,-1,914,926,927,-1,914,927,895,-1,895,927,928,-1,895,928,894,-1,817,816,906,-1,906,816,918,-1,906,918,911,-1,911,918,919,-1,911,919,915,-1,915,919,920,-1,915,920,923,-1,923,920,921,-1,923,921,925,-1,925,921,922,-1,925,922,612,-1,840,610,929,-1,930,931,932,-1,933,934,935,-1,936,937,938,-1,842,606,822,-1,844,843,939,-1,939,843,842,-1,850,849,937,-1,937,849,848,-1,937,848,938,-1,938,848,847,-1,938,847,846,-1,563,850,940,-1,940,850,937,-1,940,937,941,-1,941,937,936,-1,941,936,942,-1,942,936,943,-1,842,822,939,-1,939,822,824,-1,939,824,944,-1,934,943,935,-1,935,943,936,-1,935,936,945,-1,945,936,938,-1,945,938,946,-1,946,938,846,-1,824,826,944,-1,944,826,828,-1,944,828,947,-1,931,933,932,-1,932,933,935,-1,932,935,948,-1,948,935,945,-1,948,945,949,-1,949,945,946,-1,828,830,947,-1,947,830,832,-1,947,832,950,-1,949,951,948,-1,948,951,952,-1,948,952,932,-1,932,952,953,-1,932,953,930,-1,845,844,954,-1,954,844,939,-1,954,939,955,-1,955,939,944,-1,955,944,956,-1,956,944,947,-1,956,947,957,-1,957,947,950,-1,957,950,958,-1,958,950,929,-1,958,929,610,-1,610,959,953,-1,953,959,960,-1,953,960,930,-1,951,961,952,-1,952,961,962,-1,952,962,953,-1,953,962,610,-1,961,963,962,-1,962,963,610,-1,832,834,950,-1,950,834,836,-1,950,836,929,-1,929,836,838,-1,929,838,840,-1,846,845,946,-1,946,845,954,-1,946,954,949,-1,949,954,955,-1,949,955,951,-1,951,955,956,-1,951,956,961,-1,961,956,957,-1,961,957,963,-1,963,957,958,-1,963,958,610,-1,89,860,55,-1,55,860,964,-1,964,860,965,-1,965,860,859,-1,965,859,966,-1,966,859,861,-1,966,861,967,-1,967,861,863,-1,967,863,968,-1,968,863,865,-1,968,865,969,-1,969,865,867,-1,969,867,970,-1,970,867,868,-1,970,868,971,-1,971,868,870,-1,971,870,972,-1,870,871,972,-1,972,871,573,-1,972,573,567,-1,608,973,544,-1,544,973,893,-1,893,973,892,-1,892,973,974,-1,892,974,891,-1,891,974,975,-1,891,975,890,-1,890,975,976,-1,890,976,889,-1,889,976,977,-1,889,977,888,-1,888,977,978,-1,888,978,887,-1,887,978,979,-1,887,979,886,-1,886,979,980,-1,886,980,885,-1,980,981,885,-1,885,981,556,-1,885,556,554,-1,545,556,901,-1,901,556,982,-1,901,982,903,-1,903,982,983,-1,903,983,907,-1,907,983,984,-1,907,984,908,-1,908,984,985,-1,908,985,912,-1,912,985,986,-1,912,986,913,-1,913,986,987,-1,913,987,926,-1,926,987,988,-1,926,988,927,-1,927,988,989,-1,927,989,928,-1,928,989,990,-1,928,990,894,-1,990,991,894,-1,894,991,611,-1,894,611,612,-1,565,563,992,-1,992,563,940,-1,992,940,993,-1,993,940,941,-1,993,941,994,-1,994,941,942,-1,994,942,995,-1,995,942,943,-1,995,943,996,-1,996,943,934,-1,996,934,997,-1,997,934,933,-1,997,933,998,-1,998,933,931,-1,998,931,999,-1,999,931,930,-1,999,930,1000,-1,1000,930,960,-1,1000,960,1001,-1,960,959,1001,-1,1001,959,610,-1,1001,610,609,-1,565,1002,567,-1,567,1002,972,-1,972,1002,971,-1,971,1002,1003,-1,971,1003,970,-1,970,1003,1004,-1,970,1004,969,-1,969,1004,1005,-1,969,1005,968,-1,968,1005,1006,-1,968,1006,967,-1,967,1006,1007,-1,967,1007,966,-1,966,1007,1008,-1,966,1008,965,-1,965,1008,1009,-1,965,1009,964,-1,1009,1010,964,-1,964,1010,607,-1,964,607,55,-1,1011,611,1012,-1,989,988,1013,-1,987,986,1014,-1,1015,1016,1017,-1,973,608,1018,-1,975,974,1019,-1,1019,974,973,-1,981,980,1016,-1,1016,980,979,-1,1016,979,1017,-1,1017,979,978,-1,1017,978,977,-1,556,981,982,-1,982,981,1016,-1,982,1016,983,-1,983,1016,1015,-1,983,1015,984,-1,984,1015,985,-1,973,1018,1019,-1,1019,1018,1020,-1,1019,1020,1021,-1,986,985,1014,-1,1014,985,1015,-1,1014,1015,1022,-1,1022,1015,1017,-1,1022,1017,1023,-1,1023,1017,977,-1,1020,1024,1021,-1,1021,1024,1025,-1,1021,1025,1026,-1,988,987,1013,-1,1013,987,1014,-1,1013,1014,1027,-1,1027,1014,1022,-1,1027,1022,1028,-1,1028,1022,1023,-1,1025,1029,1026,-1,1026,1029,1030,-1,1026,1030,1031,-1,1028,1032,1027,-1,1027,1032,1033,-1,1027,1033,1013,-1,1013,1033,1034,-1,1013,1034,989,-1,976,975,1035,-1,1035,975,1019,-1,1035,1019,1036,-1,1036,1019,1021,-1,1036,1021,1037,-1,1037,1021,1026,-1,1037,1026,1038,-1,1038,1026,1031,-1,1038,1031,1039,-1,1039,1031,1012,-1,1039,1012,611,-1,611,991,1034,-1,1034,991,990,-1,1034,990,989,-1,1032,1040,1033,-1,1033,1040,1041,-1,1033,1041,1034,-1,1034,1041,611,-1,1040,1042,1041,-1,1041,1042,611,-1,1030,1043,1031,-1,1031,1043,1044,-1,1031,1044,1012,-1,1012,1044,1045,-1,1012,1045,1011,-1,977,976,1023,-1,1023,976,1035,-1,1023,1035,1028,-1,1028,1035,1036,-1,1028,1036,1032,-1,1032,1036,1037,-1,1032,1037,1040,-1,1040,1037,1038,-1,1040,1038,1042,-1,1042,1038,1039,-1,1042,1039,611,-1,1001,609,1046,-1,1047,1048,1049,-1,1050,1051,1052,-1,1053,1054,1055,-1,1002,565,992,-1,1004,1003,1056,-1,1056,1003,1002,-1,1010,1009,1054,-1,1054,1009,1008,-1,1054,1008,1055,-1,1055,1008,1007,-1,1055,1007,1006,-1,607,1010,1057,-1,1057,1010,1054,-1,1057,1054,1058,-1,1058,1054,1053,-1,1058,1053,1059,-1,1059,1053,1060,-1,1002,992,1056,-1,1056,992,993,-1,1056,993,1061,-1,1051,1060,1052,-1,1052,1060,1053,-1,1052,1053,1062,-1,1062,1053,1055,-1,1062,1055,1063,-1,1063,1055,1006,-1,993,994,1061,-1,1061,994,995,-1,1061,995,1064,-1,1048,1050,1049,-1,1049,1050,1052,-1,1049,1052,1065,-1,1065,1052,1062,-1,1065,1062,1066,-1,1066,1062,1063,-1,995,996,1064,-1,1064,996,997,-1,1064,997,1067,-1,1066,1068,1065,-1,1065,1068,1069,-1,1065,1069,1049,-1,1049,1069,1070,-1,1049,1070,1047,-1,1005,1004,1071,-1,1071,1004,1056,-1,1071,1056,1072,-1,1072,1056,1061,-1,1072,1061,1073,-1,1073,1061,1064,-1,1073,1064,1074,-1,1074,1064,1067,-1,1074,1067,1075,-1,1075,1067,1046,-1,1075,1046,609,-1,609,1076,1070,-1,1070,1076,1077,-1,1070,1077,1047,-1,1068,1078,1069,-1,1069,1078,1079,-1,1069,1079,1070,-1,1070,1079,609,-1,1078,1080,1079,-1,1079,1080,609,-1,997,998,1067,-1,1067,998,999,-1,1067,999,1046,-1,1046,999,1000,-1,1046,1000,1001,-1,1006,1005,1063,-1,1063,1005,1071,-1,1063,1071,1066,-1,1066,1071,1072,-1,1066,1072,1068,-1,1068,1072,1073,-1,1068,1073,1078,-1,1078,1073,1074,-1,1078,1074,1080,-1,1080,1074,1075,-1,1080,1075,609,-1,608,607,1018,-1,1018,607,1057,-1,1018,1057,1020,-1,1020,1057,1058,-1,1020,1058,1024,-1,1024,1058,1059,-1,1024,1059,1025,-1,1025,1059,1060,-1,1025,1060,1029,-1,1029,1060,1051,-1,1029,1051,1030,-1,1030,1051,1050,-1,1030,1050,1043,-1,1043,1050,1048,-1,1043,1048,1044,-1,1044,1048,1047,-1,1044,1047,1045,-1,1045,1047,1077,-1,1045,1077,1011,-1,1077,1076,1011,-1,1011,1076,609,-1,1011,609,611,-1,
        ]
    }
}
Shape{
    appearance Appearance {
        material  Material 	{
            diffuseColor 1.0 1.0 1.0
            specularColor 0.8784313725490196 0.8784313725490196 0.8784313725490196
            ambientIntensity 1.0
            transparency 0.0
            shininess 0.5
        }
    }
    geometry IndexedFaceSet {
        ccw TRUE
        solid FALSE
        coord DEF co Coordinate {
            point [
                0.5787 1.0121 0.374, 0.5787 0.9397 0.374, 0.4213 1.0121 0.374, 0.4213 0.9397 0.374, 0.5787 1.0206 0.3731, 0.4213 1.0206 0.3731, 0.5787 1.0287 0.3703, 0.4213 1.0287 0.3703, 0.5787 1.036 0.3659, 0.4213 1.036 0.3659, 0.5787 1.0422 0.3599, 0.4213 1.0422 0.3599, 0.5787 1.047 0.3528, 0.4213 1.047 0.3528, 0.5787 1.0501 0.3448, 0.4213 1.0501 0.3448, 0.5787 1.1262 0.0585, 0.4213 1.1262 0.0585, 0.4213 1.1324 0.0425, 0.5787 1.1324 0.0425, 0.4213 1.1419 0.0282, 0.5787 1.1419 0.0282, 0.4213 1.1543 0.0163, 0.5787 1.1543 0.0163, 0.4213 1.169 0.0074, 0.5787 1.169 0.0074, 0.4213 1.1852 0.0019, 0.5787 1.1852 0.0019, 0.4213 1.2023 0.0, 0.5787 1.2023 0.0, 0.5787 1.378 0.0, 0.4213 1.378 0.0, 0.5787 1.378 0.0591, 0.4213 1.378 0.0591, 0.5787 1.232 0.0591, 0.4213 1.232 0.0591, 0.5787 1.2235 0.06, 0.4213 1.2235 0.06, 0.5787 1.2154 0.0628, 0.4213 1.2154 0.0628, 0.5787 1.208 0.0672, 0.4213 1.208 0.0672, 0.5787 1.2019 0.0732, 0.4213 1.2019 0.0732, 0.5787 1.1971 0.0803, 0.4213 1.1971 0.0803, 0.5787 1.194 0.0883, 0.4213 1.194 0.0883, 0.5787 1.1179 0.3746, 0.4213 1.1179 0.3746, 0.4213 1.1117 0.3906, 0.5787 1.1117 0.3906, 0.4213 1.1022 0.4049, 0.5787 1.1022 0.4049, 0.4213 1.0898 0.4168, 0.5787 1.0898 0.4168, 0.4213 1.0751 0.4257, 0.5787 1.0751 0.4257, 0.4213 1.0589 0.4312, 0.5787 1.0589 0.4312, 0.4213 1.0418 0.4331, 0.5787 1.0418 0.4331, 0.5787 0.9449 0.4331, 0.4213 0.9449 0.4331, 0.5787 -1.194 0.0883, 0.4213 -1.194 0.0883, 0.5787 -1.1971 0.0803, 0.4213 -1.1971 0.0803, 0.5787 -1.2019 0.0732, 0.4213 -1.2019 0.0732, 0.5787 -1.208 0.0672, 0.4213 -1.208 0.0672, 0.5787 -1.2154 0.0628, 0.4213 -1.2154 0.0628, 0.5787 -1.2235 0.06, 0.4213 -1.2235 0.06, 0.5787 -1.232 0.0591, 0.4213 -1.232 0.0591, 0.5787 -1.378 0.0591, 0.4213 -1.378 0.0591, 0.5787 -1.378 0.0, 0.4213 -1.378 0.0, 0.5787 -1.2023 0.0, 0.4213 -1.2023 0.0, 0.4213 -1.1852 0.0019, 0.5787 -1.1852 0.0019, 0.4213 -1.169 0.0074, 0.5787 -1.169 0.0074, 0.4213 -1.1543 0.0163, 0.5787 -1.1543 0.0163, 0.4213 -1.1419 0.0282, 0.5787 -1.1419 0.0282, 0.4213 -1.1324 0.0425, 0.5787 -1.1324 0.0425, 0.4213 -1.1262 0.0585, 0.5787 -1.1262 0.0585, 0.5787 -1.0501 0.3448, 0.4213 -1.0501 0.3448, 0.5787 -1.047 0.3528, 0.4213 -1.047 0.3528, 0.5787 -1.0422 0.3599, 0.4213 -1.0422 0.3599, 0.5787 -1.036 0.3659, 0.4213 -1.036 0.3659, 0.5787 -1.0287 0.3703, 0.4213 -1.0287 0.3703, 0.5787 -1.0206 0.3731, 0.4213 -1.0206 0.3731, 0.5787 -1.0121 0.374, 0.4213 -1.0121 0.374, 0.5787 -0.9397 0.374, 0.4213 -0.9397 0.374, 0.5787 -1.0418 0.4331, 0.5787 -0.9449 0.4331, 0.4213 -1.0418 0.4331, 0.4213 -0.9449 0.4331, 0.4213 -1.0589 0.4312, 0.5787 -1.0589 0.4312, 0.4213 -1.0751 0.4257, 0.5787 -1.0751 0.4257, 0.4213 -1.0898 0.4168, 0.5787 -1.0898 0.4168, 0.4213 -1.1022 0.4049, 0.5787 -1.1022 0.4049, 0.4213 -1.1117 0.3906, 0.5787 -1.1117 0.3906, 0.4213 -1.1179 0.3746, 0.5787 -1.1179 0.3746, -0.5787 1.0418 0.4331, -0.5787 0.9449 0.4331, -0.4213 1.0418 0.4331, -0.4213 0.9449 0.4331, -0.4213 1.0589 0.4312, -0.5787 1.0589 0.4312, -0.4213 1.0751 0.4257, -0.5787 1.0751 0.4257, -0.4213 1.0898 0.4168, -0.5787 1.0898 0.4168, -0.4213 1.1022 0.4049, -0.5787 1.1022 0.4049, -0.4213 1.1117 0.3906, -0.5787 1.1117 0.3906, -0.4213 1.1179 0.3746, -0.5787 1.1179 0.3746, -0.5787 1.194 0.0883, -0.4213 1.194 0.0883, -0.5787 1.1971 0.0803, -0.4213 1.1971 0.0803, -0.5787 1.2019 0.0732, -0.4213 1.2019 0.0732, -0.5787 1.208 0.0672, -0.4213 1.208 0.0672, -0.5787 1.2154 0.0628, -0.4213 1.2154 0.0628, -0.5787 1.2235 0.06, -0.4213 1.2235 0.06, -0.5787 1.232 0.0591, -0.4213 1.232 0.0591, -0.5787 1.378 0.0591, -0.4213 1.378 0.0591, -0.5787 1.378 0.0, -0.4213 1.378 0.0, -0.5787 1.2023 0.0, -0.4213 1.2023 0.0, -0.4213 1.1852 0.0019, -0.5787 1.1852 0.0019, -0.4213 1.169 0.0074, -0.5787 1.169 0.0074, -0.4213 1.1543 0.0163, -0.5787 1.1543 0.0163, -0.4213 1.1419 0.0282, -0.5787 1.1419 0.0282, -0.4213 1.1324 0.0425, -0.5787 1.1324 0.0425, -0.4213 1.1262 0.0585, -0.5787 1.1262 0.0585, -0.5787 1.0501 0.3448, -0.4213 1.0501 0.3448, -0.5787 1.047 0.3528, -0.4213 1.047 0.3528, -0.5787 1.0422 0.3599, -0.4213 1.0422 0.3599, -0.5787 1.036 0.3659, -0.4213 1.036 0.3659, -0.5787 1.0287 0.3703, -0.4213 1.0287 0.3703, -0.5787 1.0206 0.3731, -0.4213 1.0206 0.3731, -0.5787 1.0121 0.374, -0.4213 1.0121 0.374, -0.5787 0.9397 0.374, -0.4213 0.9397 0.374, -0.5787 -1.232 0.0591, -0.4213 -1.232 0.0591, -0.5787 -1.2235 0.06, -0.4213 -1.2235 0.06, -0.5787 -1.2154 0.0628, -0.4213 -1.2154 0.0628, -0.5787 -1.208 0.0672, -0.4213 -1.208 0.0672, -0.5787 -1.2019 0.0732, -0.4213 -1.2019 0.0732, -0.5787 -1.1971 0.0803, -0.4213 -1.1971 0.0803, -0.5787 -1.194 0.0883, -0.4213 -1.194 0.0883, -0.5787 -1.1179 0.3746, -0.4213 -1.1179 0.3746, -0.4213 -1.1117 0.3906, -0.5787 -1.1117 0.3906, -0.4213 -1.1022 0.4049, -0.5787 -1.1022 0.4049, -0.4213 -1.0898 0.4168, -0.5787 -1.0898 0.4168, -0.4213 -1.0751 0.4257, -0.5787 -1.0751 0.4257, -0.4213 -1.0589 0.4312, -0.5787 -1.0589 0.4312, -0.4213 -1.0418 0.4331, -0.5787 -1.0418 0.4331, -0.5787 -0.9449 0.4331, -0.4213 -0.9449 0.4331, -0.5787 -1.0121 0.374, -0.5787 -0.9397 0.374, -0.4213 -1.0121 0.374, -0.4213 -0.9397 0.374, -0.5787 -1.0206 0.3731, -0.4213 -1.0206 0.3731, -0.5787 -1.0287 0.3703, -0.4213 -1.0287 0.3703, -0.5787 -1.036 0.3659, -0.4213 -1.036 0.3659, -0.5787 -1.0422 0.3599, -0.4213 -1.0422 0.3599, -0.5787 -1.047 0.3528, -0.4213 -1.047 0.3528, -0.5787 -1.0501 0.3448, -0.4213 -1.0501 0.3448, -0.5787 -1.1262 0.0585, -0.4213 -1.1262 0.0585, -0.4213 -1.1324 0.0425, -0.5787 -1.1324 0.0425, -0.4213 -1.1419 0.0282, -0.5787 -1.1419 0.0282, -0.4213 -1.1543 0.0163, -0.5787 -1.1543 0.0163, -0.4213 -1.169 0.0074, -0.5787 -1.169 0.0074, -0.4213 -1.1852 0.0019, -0.5787 -1.1852 0.0019, -0.4213 -1.2023 0.0, -0.5787 -1.2023 0.0, -0.5787 -1.378 0.0, -0.4213 -1.378 0.0, -0.5787 -1.378 0.0591, -0.4213 -1.378 0.0591, -0.5301 -0.7311 0.8661, -0.5281 -0.7161 0.8701, -0.5281 -0.7161 0.8661, -0.5223 -0.7021 0.8701, -0.5223 -0.7021 0.8661, -0.5131 -0.6901 0.8701, -0.5131 -0.6901 0.8661, -0.5011 -0.6809 0.8701, -0.5011 -0.6809 0.8661, -0.4871 -0.6751 0.8701, -0.4871 -0.6751 0.8661, -0.472 -0.6731 0.8701, -0.472 -0.6731 0.8661, -0.457 -0.6751 0.8701, -0.457 -0.6751 0.8661, -0.443 -0.6809 0.8701, -0.443 -0.6809 0.8661, -0.431 -0.6901 0.8701, -0.431 -0.6901 0.8661, -0.4217 -0.7021 0.8701, -0.4217 -0.7021 0.8661, -0.4159 -0.7161 0.8701, -0.4159 -0.7161 0.8661, -0.414 -0.7311 0.8701, -0.414 -0.7311 0.8661, -0.4159 -0.7462 0.8701, -0.4159 -0.7462 0.8661, -0.4217 -0.7602 0.8701, -0.4217 -0.7602 0.8661, -0.431 -0.7722 0.8701, -0.431 -0.7722 0.8661, -0.443 -0.7814 0.8701, -0.443 -0.7814 0.8661, -0.457 -0.7872 0.8701, -0.457 -0.7872 0.8661, -0.472 -0.7892 0.8701, -0.472 -0.7892 0.8661, -0.4871 -0.7872 0.8701, -0.4871 -0.7872 0.8661, -0.5011 -0.7814 0.8701, -0.5011 -0.7814 0.8661, -0.5131 -0.7722 0.8701, -0.5131 -0.7722 0.8661, -0.5223 -0.7602 0.8701, -0.5223 -0.7602 0.8661, -0.5281 -0.7462 0.8701, -0.5281 -0.7462 0.8661, -0.5301 -0.7311 0.8701, -0.472 -0.7311 0.8701, -0.6739 0.5958 0.6734, -0.6741 0.5958 0.6704, -0.6699 0.5958 0.6731, -0.6702 0.5958 0.67, -0.6739 0.6064 0.6734, -0.6699 0.6064 0.6731, -0.6718 0.6064 0.697, -0.6679 0.6064 0.6966, -0.6718 0.6098 0.697, -0.6679 0.6098 0.6966, -0.6741 0.6098 0.6704, -0.6702 0.6098 0.67, -0.6742 0.5821 0.6699, -0.6703 0.5821 0.6696, -0.6702 0.58 0.6698, -0.6741 0.5776 0.6704, -0.6701 0.5747 0.6711, -0.674 0.5747 0.6715, -0.6702 0.5758 0.6707, -0.6702 0.5776 0.6701, -0.6738 0.5747 0.6748, -0.6698 0.5747 0.6744, -0.6699 0.5758 0.6739, -0.6739 0.5774 0.6736, -0.6699 0.5774 0.6732, -0.67 0.5805 0.6727, -0.6739 0.5805 0.673, -0.67 0.5816 0.6727, -0.6739 0.5816 0.673, -0.67 0.5841 0.6729, -0.6739 0.5841 0.6733, -0.6699 0.586 0.6736, -0.6738 0.586 0.674, -0.6698 0.5878 0.6748, -0.6737 0.5878 0.6752, -0.6697 0.5884 0.6755, -0.6737 0.5884 0.6758, -0.6696 0.5898 0.6774, -0.6735 0.5898 0.6777, -0.6694 0.5906 0.6795, -0.6733 0.5906 0.6799, -0.6691 0.5911 0.6828, -0.673 0.5911 0.6831, -0.6691 0.5911 0.683, -0.673 0.5911 0.6834, -0.6688 0.5907 0.6864, -0.6727 0.5907 0.6867, -0.6686 0.5898 0.6888, -0.6725 0.5898 0.6891, -0.6684 0.5886 0.6907, -0.6723 0.5886 0.691, -0.6684 0.5883 0.691, -0.6723 0.5883 0.6914, -0.6683 0.5865 0.6925, -0.6722 0.5865 0.6928, -0.6682 0.5845 0.6935, -0.6721 0.5845 0.6938, -0.6681 0.5822 0.6939, -0.672 0.5822 0.6943, -0.6681 0.581 0.694, -0.672 0.581 0.6943, -0.6683 0.5747 0.6924, -0.6722 0.5747 0.6927, -0.6722 0.5751 0.693, -0.6681 0.5778 0.6936, -0.6721 0.5778 0.694, -0.6682 0.5758 0.6929, -0.6682 0.5751 0.6926, -0.6719 0.5747 0.6963, -0.6679 0.5747 0.696, -0.6678 0.581 0.6971, -0.6718 0.581 0.6974, -0.6718 0.5808 0.6974, -0.6679 0.5758 0.6963, -0.6718 0.5773 0.6971, -0.6679 0.5773 0.6968, -0.6679 0.5783 0.6969, -0.6678 0.5808 0.6971, -0.6679 0.5829 0.6969, -0.6718 0.5849 0.697, -0.6679 0.5849 0.6966, -0.668 0.5877 0.6955, -0.6719 0.5877 0.6959, -0.6681 0.5902 0.6938, -0.6721 0.5902 0.6941, -0.6682 0.5908 0.6932, -0.6721 0.5908 0.6935, -0.6684 0.5927 0.6908, -0.6723 0.5927 0.6911, -0.6686 0.5935 0.689, -0.6726 0.594 0.6882, -0.6687 0.594 0.6879, -0.669 0.5946 0.6844, -0.6729 0.5946 0.6848, -0.6691 0.5947 0.6828, -0.673 0.5947 0.6832, -0.6695 0.5942 0.6787, -0.6734 0.5942 0.6791, -0.6696 0.5935 0.6768, -0.6736 0.5931 0.6762, -0.6697 0.5931 0.6759, -0.6699 0.5916 0.6736, -0.6738 0.5916 0.6739, -0.6699 0.5912 0.6732, -0.6739 0.5912 0.6736, -0.6742 0.5839 0.67, -0.6701 0.5892 0.6715, -0.674 0.5892 0.6719, -0.6702 0.5867 0.6703, -0.6741 0.5867 0.6707, -0.6702 0.5845 0.6698, -0.6702 0.5839 0.6697, -0.6739 0.555 0.6734, -0.6741 0.555 0.6704, -0.6699 0.555 0.6731, -0.6702 0.555 0.67, -0.6699 0.5659 0.6731, -0.6739 0.5659 0.6734, -0.6699 0.5587 0.6731, -0.6731 0.5659 0.6824, -0.6692 0.5659 0.682, -0.6731 0.5564 0.6824, -0.6692 0.5587 0.682, -0.6692 0.5564 0.682, -0.6728 0.5564 0.6854, -0.6689 0.5564 0.6851, -0.6689 0.5659 0.6851, -0.6728 0.5659 0.6854, -0.6689 0.5587 0.6851, -0.6721 0.5659 0.6939, -0.6682 0.5659 0.6936, -0.6721 0.5556 0.6939, -0.6682 0.5587 0.6936, -0.6682 0.5556 0.6936, -0.6718 0.5556 0.697, -0.6679 0.5556 0.6966, -0.6679 0.5693 0.6966, -0.6718 0.5693 0.697, -0.6679 0.5587 0.6966, -0.6741 0.5693 0.6704, -0.6702 0.5693 0.67, -0.6702 0.5587 0.67, -0.6731 0.5319 0.6824, -0.6731 0.5283 0.6821, -0.6729 0.5318 0.6839, -0.6729 0.5282 0.684, -0.6727 0.5322 0.687, -0.6726 0.5287 0.6878, -0.6725 0.5329 0.689, -0.6724 0.5297 0.6903, -0.6724 0.5339 0.6905, -0.6722 0.5314 0.6926, -0.6723 0.5348 0.6914, -0.6721 0.5322 0.6935, -0.6722 0.5368 0.6928, -0.6719 0.5352 0.6954, -0.6721 0.5392 0.6936, -0.6718 0.5384 0.6966, -0.6721 0.5425 0.6939, -0.6718 0.5423 0.697, -0.6721 0.5465 0.6939, -0.6718 0.55 0.697, -0.6739 0.5465 0.6734, -0.6741 0.55 0.6704, -0.6739 0.5426 0.6734, -0.6741 0.5426 0.6704, -0.6738 0.5392 0.6738, -0.6741 0.5384 0.6709, -0.6738 0.537 0.6746, -0.674 0.5353 0.672, -0.6737 0.5352 0.6757, -0.6738 0.5327 0.6737, -0.6736 0.5347 0.6762, -0.6738 0.5322 0.6741, -0.6735 0.5333 0.6779, -0.6736 0.5304 0.6763, -0.6733 0.5324 0.6799, -0.6734 0.529 0.6791, -0.6702 0.5426 0.67, -0.6702 0.55 0.67, -0.6702 0.5384 0.6705, -0.6701 0.5353 0.6716, -0.6699 0.5327 0.6734, -0.6699 0.5322 0.6738, -0.6697 0.5304 0.676, -0.6695 0.529 0.6787, -0.6692 0.5283 0.6818, -0.669 0.5282 0.6837, -0.6687 0.5287 0.6874, -0.6685 0.5297 0.6899, -0.6683 0.5314 0.6922, -0.6682 0.5322 0.6931, -0.668 0.5352 0.6951, -0.6679 0.5384 0.6962, -0.6679 0.5423 0.6966, -0.6679 0.55 0.6966, -0.6682 0.5425 0.6936, -0.6682 0.5465 0.6936, -0.6699 0.5465 0.6731, -0.6699 0.5426 0.6731, -0.6697 0.5347 0.6758, -0.6697 0.5352 0.6754, -0.6698 0.537 0.6742, -0.6699 0.5392 0.6734, -0.669 0.5318 0.6836, -0.6692 0.5319 0.6821, -0.6694 0.5324 0.6796, -0.6696 0.5333 0.6776, -0.6684 0.5348 0.6911, -0.6685 0.5339 0.6902, -0.6686 0.5329 0.6886, -0.6688 0.5322 0.6866, -0.6682 0.5392 0.6932, -0.6683 0.5368 0.6924
            ]
        }
        coordIndex [
            0,1,2,-1,2,1,3,-1,0,2,4,-1,4,2,5,-1,4,5,6,-1,6,5,7,-1,6,7,8,-1,8,7,9,-1,8,9,10,-1,10,9,11,-1,10,11,12,-1,12,11,13,-1,12,13,14,-1,14,13,15,-1,16,14,17,-1,17,14,15,-1,16,17,18,-1,16,18,19,-1,19,18,20,-1,19,20,21,-1,21,20,22,-1,21,22,23,-1,23,22,24,-1,23,24,25,-1,25,24,26,-1,25,26,27,-1,27,26,28,-1,27,28,29,-1,30,29,31,-1,31,29,28,-1,32,30,33,-1,33,30,31,-1,34,32,35,-1,35,32,33,-1,34,35,36,-1,36,35,37,-1,36,37,38,-1,38,37,39,-1,38,39,40,-1,40,39,41,-1,40,41,42,-1,42,41,43,-1,42,43,44,-1,44,43,45,-1,44,45,46,-1,46,45,47,-1,48,46,49,-1,49,46,47,-1,48,49,50,-1,48,50,51,-1,51,50,52,-1,51,52,53,-1,53,52,54,-1,53,54,55,-1,55,54,56,-1,55,56,57,-1,57,56,58,-1,57,58,59,-1,59,58,60,-1,59,60,61,-1,62,61,63,-1,63,61,60,-1,10,12,51,-1,29,30,32,-1,61,62,1,-1,51,12,48,-1,48,12,14,-1,48,14,46,-1,46,14,16,-1,46,16,44,-1,44,16,19,-1,44,19,42,-1,32,34,29,-1,29,34,36,-1,29,36,27,-1,27,36,38,-1,27,38,25,-1,25,38,40,-1,25,40,23,-1,23,40,42,-1,23,42,21,-1,21,42,19,-1,1,0,61,-1,61,0,4,-1,61,4,59,-1,59,4,6,-1,59,6,57,-1,57,6,8,-1,57,8,55,-1,55,8,10,-1,55,10,53,-1,53,10,51,-1,41,39,26,-1,9,7,58,-1,26,39,28,-1,58,7,60,-1,33,31,35,-1,35,31,28,-1,35,28,37,-1,37,28,39,-1,26,24,41,-1,41,24,22,-1,41,22,43,-1,43,22,20,-1,43,20,45,-1,45,20,18,-1,45,18,47,-1,47,18,17,-1,47,17,49,-1,49,17,15,-1,49,15,50,-1,50,15,13,-1,50,13,52,-1,52,13,11,-1,52,11,54,-1,54,11,9,-1,54,9,56,-1,56,9,58,-1,3,63,2,-1,2,63,60,-1,2,60,5,-1,5,60,7,-1,64,65,66,-1,66,65,67,-1,66,67,68,-1,68,67,69,-1,68,69,70,-1,70,69,71,-1,70,71,72,-1,72,71,73,-1,72,73,74,-1,74,73,75,-1,74,75,76,-1,76,75,77,-1,78,76,79,-1,79,76,77,-1,80,78,81,-1,81,78,79,-1,82,80,83,-1,83,80,81,-1,82,83,84,-1,82,84,85,-1,85,84,86,-1,85,86,87,-1,87,86,88,-1,87,88,89,-1,89,88,90,-1,89,90,91,-1,91,90,92,-1,91,92,93,-1,93,92,94,-1,93,94,95,-1,96,95,97,-1,97,95,94,-1,96,97,98,-1,98,97,99,-1,98,99,100,-1,100,99,101,-1,100,101,102,-1,102,101,103,-1,102,103,104,-1,104,103,105,-1,104,105,106,-1,106,105,107,-1,106,107,108,-1,108,107,109,-1,110,108,111,-1,111,108,109,-1,112,113,114,-1,114,113,115,-1,112,114,116,-1,112,116,117,-1,117,116,118,-1,117,118,119,-1,119,118,120,-1,119,120,121,-1,121,120,122,-1,121,122,123,-1,123,122,124,-1,123,124,125,-1,125,124,126,-1,125,126,127,-1,64,127,65,-1,65,127,126,-1,102,104,117,-1,70,72,85,-1,117,104,112,-1,85,72,82,-1,110,113,108,-1,108,113,112,-1,108,112,106,-1,106,112,104,-1,117,119,102,-1,102,119,121,-1,102,121,100,-1,100,121,123,-1,100,123,98,-1,98,123,125,-1,98,125,96,-1,96,125,127,-1,96,127,95,-1,95,127,64,-1,95,64,93,-1,93,64,66,-1,93,66,91,-1,91,66,68,-1,91,68,89,-1,89,68,70,-1,89,70,87,-1,87,70,85,-1,78,80,76,-1,76,80,82,-1,76,82,74,-1,74,82,72,-1,69,67,92,-1,114,115,111,-1,83,81,79,-1,92,67,94,-1,94,67,65,-1,94,65,97,-1,97,65,126,-1,97,126,99,-1,99,126,124,-1,99,124,101,-1,111,109,114,-1,114,109,107,-1,114,107,116,-1,116,107,105,-1,116,105,118,-1,118,105,103,-1,118,103,120,-1,120,103,101,-1,120,101,122,-1,122,101,124,-1,79,77,83,-1,83,77,75,-1,83,75,84,-1,84,75,73,-1,84,73,86,-1,86,73,71,-1,86,71,88,-1,88,71,69,-1,88,69,90,-1,90,69,92,-1,128,129,130,-1,130,129,131,-1,128,130,132,-1,128,132,133,-1,133,132,134,-1,133,134,135,-1,135,134,136,-1,135,136,137,-1,137,136,138,-1,137,138,139,-1,139,138,140,-1,139,140,141,-1,141,140,142,-1,141,142,143,-1,144,143,145,-1,145,143,142,-1,144,145,146,-1,146,145,147,-1,146,147,148,-1,148,147,149,-1,148,149,150,-1,150,149,151,-1,150,151,152,-1,152,151,153,-1,152,153,154,-1,154,153,155,-1,154,155,156,-1,156,155,157,-1,158,156,159,-1,159,156,157,-1,160,158,161,-1,161,158,159,-1,162,160,163,-1,163,160,161,-1,162,163,164,-1,162,164,165,-1,165,164,166,-1,165,166,167,-1,167,166,168,-1,167,168,169,-1,169,168,170,-1,169,170,171,-1,171,170,172,-1,171,172,173,-1,173,172,174,-1,173,174,175,-1,176,175,177,-1,177,175,174,-1,176,177,178,-1,178,177,179,-1,178,179,180,-1,180,179,181,-1,180,181,182,-1,182,181,183,-1,182,183,184,-1,184,183,185,-1,184,185,186,-1,186,185,187,-1,186,187,188,-1,188,187,189,-1,190,188,191,-1,191,188,189,-1,182,184,133,-1,133,184,128,-1,150,152,165,-1,165,152,162,-1,165,167,150,-1,150,167,169,-1,150,169,148,-1,148,169,171,-1,148,171,146,-1,146,171,173,-1,146,173,144,-1,144,173,175,-1,144,175,143,-1,143,175,176,-1,143,176,141,-1,141,176,178,-1,141,178,139,-1,139,178,180,-1,139,180,137,-1,137,180,182,-1,137,182,135,-1,135,182,133,-1,190,129,188,-1,188,129,128,-1,188,128,186,-1,186,128,184,-1,158,160,156,-1,156,160,162,-1,156,162,154,-1,154,162,152,-1,149,147,172,-1,130,131,191,-1,172,147,174,-1,174,147,145,-1,174,145,177,-1,177,145,142,-1,177,142,179,-1,179,142,140,-1,179,140,181,-1,191,189,130,-1,130,189,187,-1,130,187,132,-1,132,187,185,-1,132,185,134,-1,134,185,183,-1,134,183,136,-1,136,183,181,-1,136,181,138,-1,138,181,140,-1,163,161,159,-1,172,170,149,-1,149,170,168,-1,149,168,151,-1,151,168,166,-1,151,166,153,-1,153,166,164,-1,153,164,155,-1,155,164,163,-1,155,163,157,-1,157,163,159,-1,192,193,194,-1,194,193,195,-1,194,195,196,-1,196,195,197,-1,196,197,198,-1,198,197,199,-1,198,199,200,-1,200,199,201,-1,200,201,202,-1,202,201,203,-1,202,203,204,-1,204,203,205,-1,206,204,207,-1,207,204,205,-1,206,207,208,-1,206,208,209,-1,209,208,210,-1,209,210,211,-1,211,210,212,-1,211,212,213,-1,213,212,214,-1,213,214,215,-1,215,214,216,-1,215,216,217,-1,217,216,218,-1,217,218,219,-1,220,219,221,-1,221,219,218,-1,222,223,224,-1,224,223,225,-1,222,224,226,-1,226,224,227,-1,226,227,228,-1,228,227,229,-1,228,229,230,-1,230,229,231,-1,230,231,232,-1,232,231,233,-1,232,233,234,-1,234,233,235,-1,234,235,236,-1,236,235,237,-1,238,236,239,-1,239,236,237,-1,238,239,240,-1,238,240,241,-1,241,240,242,-1,241,242,243,-1,243,242,244,-1,243,244,245,-1,245,244,246,-1,245,246,247,-1,247,246,248,-1,247,248,249,-1,249,248,250,-1,249,250,251,-1,252,251,253,-1,253,251,250,-1,254,252,255,-1,255,252,253,-1,192,254,193,-1,193,254,255,-1,200,202,241,-1,219,220,223,-1,251,252,254,-1,241,202,238,-1,238,202,204,-1,238,204,236,-1,236,204,206,-1,236,206,234,-1,234,206,209,-1,234,209,232,-1,223,222,219,-1,219,222,226,-1,219,226,217,-1,217,226,228,-1,217,228,215,-1,215,228,230,-1,215,230,213,-1,213,230,232,-1,213,232,211,-1,211,232,209,-1,254,192,251,-1,251,192,194,-1,251,194,249,-1,249,194,196,-1,249,196,247,-1,247,196,198,-1,247,198,245,-1,245,198,200,-1,245,200,243,-1,243,200,241,-1,199,197,248,-1,248,197,250,-1,225,221,224,-1,224,221,218,-1,224,218,227,-1,227,218,229,-1,229,218,216,-1,229,216,231,-1,216,214,231,-1,231,214,212,-1,231,212,233,-1,233,212,210,-1,233,210,235,-1,235,210,208,-1,235,208,237,-1,237,208,207,-1,237,207,239,-1,239,207,205,-1,239,205,240,-1,240,205,203,-1,240,203,242,-1,242,203,201,-1,242,201,244,-1,244,201,199,-1,244,199,246,-1,246,199,248,-1,255,253,193,-1,193,253,250,-1,193,250,195,-1,195,250,197,-1,256,257,258,-1,258,257,259,-1,258,259,260,-1,260,259,261,-1,260,261,262,-1,262,261,263,-1,262,263,264,-1,264,263,265,-1,264,265,266,-1,266,265,267,-1,266,267,268,-1,268,267,269,-1,268,269,270,-1,270,269,271,-1,270,271,272,-1,272,271,273,-1,272,273,274,-1,274,273,275,-1,274,275,276,-1,276,275,277,-1,276,277,278,-1,278,277,279,-1,278,279,280,-1,280,279,281,-1,280,281,282,-1,282,281,283,-1,282,283,284,-1,284,283,285,-1,284,285,286,-1,286,285,287,-1,286,287,288,-1,288,287,289,-1,288,289,290,-1,290,289,291,-1,290,291,292,-1,292,291,293,-1,292,293,294,-1,294,293,295,-1,294,295,296,-1,296,295,297,-1,296,297,298,-1,298,297,299,-1,298,299,300,-1,300,299,301,-1,300,301,302,-1,302,301,303,-1,302,303,256,-1,256,303,257,-1,283,281,304,-1,304,281,279,-1,304,279,277,-1,289,287,304,-1,304,287,285,-1,304,285,283,-1,295,293,304,-1,304,293,291,-1,304,291,289,-1,301,299,304,-1,304,299,297,-1,304,297,295,-1,259,257,304,-1,304,257,303,-1,304,303,301,-1,265,263,304,-1,304,263,261,-1,304,261,259,-1,271,269,304,-1,304,269,267,-1,304,267,265,-1,277,275,304,-1,304,275,273,-1,304,273,271,-1,305,306,307,-1,307,306,308,-1,309,305,310,-1,310,305,307,-1,311,309,312,-1,312,309,310,-1,313,311,314,-1,314,311,312,-1,315,313,316,-1,316,313,314,-1,306,315,308,-1,308,315,316,-1,311,313,309,-1,309,313,315,-1,309,315,305,-1,305,315,306,-1,317,318,319,-1,317,319,320,-1,321,322,323,-1,323,322,320,-1,323,320,324,-1,324,320,319,-1,325,322,326,-1,326,322,321,-1,325,326,327,-1,325,327,328,-1,327,329,328,-1,328,329,330,-1,328,330,331,-1,331,330,332,-1,331,332,333,-1,333,332,334,-1,333,334,335,-1,335,334,336,-1,335,336,337,-1,337,336,338,-1,337,338,339,-1,339,338,340,-1,339,340,341,-1,341,340,342,-1,341,342,343,-1,343,342,344,-1,343,344,345,-1,345,344,346,-1,345,346,347,-1,347,346,348,-1,347,348,349,-1,349,348,350,-1,349,350,351,-1,351,350,352,-1,351,352,353,-1,353,352,354,-1,353,354,355,-1,355,354,356,-1,355,356,357,-1,357,356,358,-1,357,358,359,-1,359,358,360,-1,359,360,361,-1,361,360,362,-1,361,362,363,-1,363,362,364,-1,363,364,365,-1,366,367,368,-1,365,364,369,-1,365,369,370,-1,370,369,371,-1,370,371,368,-1,368,371,372,-1,368,372,366,-1,373,367,374,-1,374,367,366,-1,375,376,377,-1,373,374,378,-1,373,378,379,-1,378,380,379,-1,379,380,381,-1,379,381,377,-1,377,381,382,-1,377,382,375,-1,376,375,383,-1,376,383,384,-1,383,385,384,-1,384,385,386,-1,384,386,387,-1,387,386,388,-1,387,388,389,-1,389,388,390,-1,389,390,391,-1,391,390,392,-1,391,392,393,-1,393,392,394,-1,393,394,395,-1,394,396,395,-1,395,396,397,-1,395,397,398,-1,398,397,399,-1,398,399,400,-1,400,399,401,-1,400,401,402,-1,402,401,403,-1,402,403,404,-1,403,405,404,-1,404,405,406,-1,404,406,407,-1,407,406,408,-1,407,408,409,-1,318,317,410,-1,409,408,411,-1,409,411,412,-1,412,411,413,-1,412,413,414,-1,414,413,415,-1,414,415,410,-1,410,415,416,-1,410,416,318,-1,368,367,373,-1,343,345,402,-1,351,353,393,-1,402,345,400,-1,393,353,391,-1,368,373,370,-1,370,373,379,-1,370,379,365,-1,365,379,377,-1,365,377,363,-1,363,377,376,-1,363,376,361,-1,361,376,384,-1,361,384,359,-1,322,325,320,-1,320,325,328,-1,320,328,317,-1,384,387,359,-1,359,387,389,-1,359,389,357,-1,357,389,391,-1,357,391,355,-1,355,391,353,-1,402,404,343,-1,343,404,407,-1,343,407,341,-1,341,407,409,-1,341,409,339,-1,339,409,412,-1,339,412,337,-1,337,412,414,-1,337,414,335,-1,335,414,410,-1,335,410,333,-1,333,410,317,-1,333,317,331,-1,331,317,328,-1,345,347,400,-1,400,347,349,-1,400,349,398,-1,398,349,351,-1,398,351,395,-1,395,351,393,-1,417,418,419,-1,419,418,420,-1,421,422,423,-1,423,422,417,-1,423,417,419,-1,424,422,425,-1,425,422,421,-1,424,425,426,-1,426,425,427,-1,426,427,428,-1,429,426,430,-1,430,426,428,-1,431,432,433,-1,433,432,429,-1,433,429,430,-1,434,432,435,-1,435,432,431,-1,434,435,436,-1,436,435,437,-1,436,437,438,-1,439,436,440,-1,440,436,438,-1,441,442,443,-1,443,442,439,-1,443,439,440,-1,444,442,445,-1,445,442,441,-1,444,445,418,-1,418,445,446,-1,418,446,420,-1,444,418,417,-1,417,422,444,-1,444,422,424,-1,444,424,442,-1,436,439,434,-1,434,439,442,-1,434,442,432,-1,432,442,424,-1,432,424,429,-1,429,424,426,-1,447,448,449,-1,449,448,450,-1,449,450,451,-1,451,450,452,-1,451,452,453,-1,453,452,454,-1,453,454,455,-1,455,454,456,-1,455,456,457,-1,457,456,458,-1,457,458,459,-1,459,458,460,-1,459,460,461,-1,461,460,462,-1,461,462,463,-1,463,462,464,-1,463,464,465,-1,465,464,466,-1,465,466,467,-1,467,466,468,-1,467,468,469,-1,469,468,470,-1,469,470,471,-1,471,470,472,-1,471,472,473,-1,473,472,474,-1,473,474,475,-1,475,474,476,-1,475,476,477,-1,477,476,478,-1,477,478,479,-1,479,478,480,-1,479,480,481,-1,481,480,482,-1,481,482,447,-1,447,482,448,-1,470,468,483,-1,483,468,484,-1,470,483,485,-1,470,485,472,-1,472,485,486,-1,472,486,474,-1,474,486,487,-1,474,487,476,-1,476,487,488,-1,476,488,478,-1,478,488,489,-1,478,489,480,-1,480,489,490,-1,480,490,482,-1,482,490,491,-1,482,491,448,-1,448,491,492,-1,448,492,450,-1,450,492,493,-1,450,493,452,-1,452,493,494,-1,452,494,454,-1,454,494,495,-1,454,495,456,-1,456,495,496,-1,456,496,458,-1,458,496,497,-1,458,497,460,-1,460,497,498,-1,460,498,462,-1,462,498,499,-1,462,499,464,-1,466,464,500,-1,500,464,499,-1,468,466,484,-1,484,466,500,-1,463,465,501,-1,501,465,502,-1,465,467,502,-1,502,467,503,-1,467,469,503,-1,503,469,504,-1,477,505,506,-1,477,506,475,-1,475,506,507,-1,475,507,473,-1,473,507,508,-1,473,508,471,-1,471,508,504,-1,471,504,469,-1,449,509,510,-1,449,510,447,-1,447,510,511,-1,447,511,481,-1,481,511,512,-1,481,512,479,-1,479,512,505,-1,479,505,477,-1,457,513,514,-1,457,514,455,-1,455,514,515,-1,455,515,453,-1,453,515,516,-1,453,516,451,-1,451,516,509,-1,451,509,449,-1,463,501,517,-1,463,517,461,-1,461,517,518,-1,461,518,459,-1,459,518,513,-1,459,513,457,-1,
        ]
    }
}
Shape{
    appearance Appearance {
        material  Material 	{
            diffuseColor 0.20784313725490197 0.20784313725490197 0.20784313725490197
            specularColor 0.01568627450980392 0.01568627450980392 0.01568627450980392
            ambientIntensity 0.298
            transparency 0.0
            shininess 0.5
        }
    }
    geometry IndexedFaceSet {
        ccw TRUE
        solid FALSE
        coord DEF co Coordinate {
            point [
                -0.6682 0.5465 0.6936, -0.6699 0.5465 0.6731, -0.6682 0.5425 0.6936, -0.6699 0.5426 0.6731, -0.6699 0.5392 0.6734, -0.6698 0.537 0.6742, -0.6697 0.5352 0.6754, -0.6697 0.5347 0.6758, -0.6696 0.5333 0.6776, -0.6694 0.5324 0.6796, -0.6692 0.5319 0.6821, -0.669 0.5318 0.6836, -0.6688 0.5322 0.6866, -0.6686 0.5329 0.6886, -0.6685 0.5339 0.6902, -0.6684 0.5348 0.6911, -0.6682 0.5392 0.6932, -0.6683 0.5368 0.6924
            ]
        }
        coordIndex [
            0,1,2,-1,2,1,3,-1,2,3,4,-1,4,5,2,-1,2,5,6,-1,2,6,7,-1,7,8,2,-1,2,8,9,-1,2,9,10,-1,10,11,2,-1,2,11,12,-1,2,12,13,-1,13,14,2,-1,2,14,15,-1,2,15,16,-1,16,15,17,-1,
        ]
    }
}
Shape{
    appearance Appearance {
        material  Material 	{
            diffuseColor 1.0 1.0 1.0
            specularColor 0.8784313725490196 0.8784313725490196 0.8784313725490196
            ambientIntensity 1.0
            transparency 0.0
            shininess 0.5
        }
    }
    geometry IndexedFaceSet {
        ccw TRUE
        solid FALSE
        coord DEF co Coordinate {
            point [
                -0.6732 0.5193 0.6807, -0.6723 0.5153 0.6917, -0.6718 0.5166 0.697, -0.6741 0.5267 0.6704, -0.6741 0.5229 0.6704, -0.6735 0.5204 0.6777, -0.6722 0.5151 0.6925, -0.6721 0.5149 0.6936, -0.6718 0.5129 0.697, -0.6721 0.5148 0.6936, -0.6722 0.5146 0.6925, -0.6723 0.5144 0.6917, -0.6732 0.5103 0.6807, -0.6741 0.5027 0.6704, -0.6741 0.5065 0.6704, -0.6735 0.5093 0.6777, -0.6679 0.5129 0.6966, -0.6702 0.5027 0.67, -0.6679 0.5166 0.6966, -0.6702 0.5267 0.67, -0.6685 0.5191 0.6902, -0.6702 0.5229 0.67, -0.6696 0.5204 0.6773, -0.6696 0.5093 0.6773, -0.6696 0.5191 0.6773, -0.6702 0.5065 0.67, -0.6693 0.5193 0.6803, -0.6693 0.5103 0.6803, -0.6683 0.5144 0.6914, -0.6682 0.5148 0.6932, -0.6683 0.5146 0.6921, -0.6682 0.5149 0.6932, -0.6683 0.5153 0.6914, -0.6683 0.5151 0.6922
            ]
        }
        coordIndex [
            0,1,2,-1,3,4,5,-1,1,6,2,-1,2,6,7,-1,2,7,8,-1,8,7,9,-1,8,9,10,-1,10,11,8,-1,8,11,12,-1,8,12,13,-1,14,13,15,-1,15,13,12,-1,15,12,5,-1,5,12,0,-1,5,0,3,-1,3,0,2,-1,8,13,16,-1,16,13,17,-1,2,8,18,-1,18,8,16,-1,19,3,20,-1,20,3,2,-1,20,2,18,-1,4,3,21,-1,21,3,19,-1,5,4,22,-1,22,4,21,-1,23,15,24,-1,24,15,5,-1,24,5,22,-1,14,15,25,-1,25,15,23,-1,13,14,17,-1,17,14,25,-1,0,12,26,-1,26,12,27,-1,12,11,27,-1,27,11,28,-1,9,29,30,-1,9,30,10,-1,10,30,28,-1,10,28,11,-1,9,7,29,-1,29,7,31,-1,1,32,33,-1,1,33,6,-1,6,33,31,-1,6,31,7,-1,1,0,32,-1,32,0,26,-1,
        ]
    }
}
Shape{
    appearance Appearance {
        material  Material 	{
            diffuseColor 0.20784313725490197 0.20784313725490197 0.20784313725490197
            specularColor 0.01568627450980392 0.01568627450980392 0.01568627450980392
            ambientIntensity 0.298
            transparency 0.0
            shininess 0.5
        }
    }
    geometry IndexedFaceSet {
        ccw TRUE
        solid FALSE
        coord DEF co Coordinate {
            point [
                -0.6682 0.5148 0.6932, -0.6682 0.5149 0.6932, -0.6683 0.5146 0.6921, -0.6683 0.5151 0.6922, -0.6683 0.5144 0.6914, -0.6683 0.5153 0.6914, -0.6693 0.5103 0.6803, -0.6693 0.5193 0.6803
            ]
        }
        coordIndex [
            0,1,2,-1,2,1,3,-1,2,3,4,-1,4,3,5,-1,4,5,6,-1,6,5,7,-1,
        ]
    }
}
Shape{
    appearance Appearance {
        material  Material 	{
            diffuseColor 1.0 1.0 1.0
            specularColor 0.8784313725490196 0.8784313725490196 0.8784313725490196
            ambientIntensity 1.0
            transparency 0.0
            shininess 0.5
        }
    }
    geometry IndexedFaceSet {
        ccw TRUE
        solid FALSE
        coord DEF co Coordinate {
            point [
                -0.6776 0.5955 0.6312, -0.6778 0.5955 0.6282, -0.6736 0.5955 0.6309, -0.6739 0.5955 0.6279, -0.6776 0.6064 0.6312, -0.6736 0.6064 0.6309, -0.6768 0.6064 0.6402, -0.6729 0.6064 0.6398, -0.6768 0.5969 0.6402, -0.6729 0.5969 0.6398, -0.6765 0.5969 0.6432, -0.6726 0.5969 0.6429, -0.6765 0.6064 0.6432, -0.6726 0.6064 0.6429, -0.6758 0.6064 0.6517, -0.6718 0.6064 0.6514, -0.6758 0.5961 0.6517, -0.6718 0.5961 0.6514, -0.6755 0.5961 0.6548, -0.6716 0.5961 0.6545, -0.6755 0.6098 0.6548, -0.6716 0.6098 0.6545, -0.6778 0.6098 0.6282, -0.6739 0.6098 0.6279, -0.6778 0.5803 0.6282, -0.6778 0.577 0.6282, -0.6776 0.5803 0.6311, -0.6768 0.577 0.6404, -0.6768 0.5803 0.6403, -0.6771 0.5876 0.6363, -0.6771 0.5868 0.6367, -0.6776 0.5804 0.6311, -0.6775 0.5822 0.6316, -0.6776 0.5809 0.6304, -0.6776 0.5831 0.631, -0.677 0.5848 0.6371, -0.677 0.5803 0.6377, -0.6772 0.5803 0.6359, -0.6772 0.5803 0.6357, -0.6773 0.5805 0.6342, -0.6774 0.581 0.633, -0.6775 0.5817 0.632, -0.6766 0.5804 0.6417, -0.6765 0.5772 0.6429, -0.6765 0.5808 0.6429, -0.6764 0.5777 0.6444, -0.6765 0.5812 0.6436, -0.6763 0.5784 0.6455, -0.6764 0.5817 0.6442, -0.6762 0.5793 0.6464, -0.6764 0.5823 0.6445, -0.6762 0.5804 0.647, -0.6764 0.583 0.6448, -0.6761 0.5818 0.6474, -0.6764 0.5842 0.6449, -0.6761 0.5839 0.6476, -0.6764 0.5862 0.6447, -0.6762 0.587 0.6473, -0.6764 0.5883 0.644, -0.6762 0.5895 0.6464, -0.6766 0.5904 0.6426, -0.6763 0.5904 0.6459, -0.6775 0.5882 0.6316, -0.6777 0.5906 0.6293, -0.6775 0.5879 0.6313, -0.6778 0.5895 0.6285, -0.6776 0.5873 0.6309, -0.6778 0.5882 0.628, -0.6776 0.5865 0.6306, -0.6779 0.5862 0.6278, -0.6776 0.5854 0.6305, -0.6778 0.5845 0.6279, -0.6776 0.5841 0.6306, -0.6778 0.5832 0.6284, -0.6777 0.582 0.6292, -0.6773 0.5889 0.6341, -0.6773 0.5923 0.6337, -0.6774 0.5889 0.6336, -0.6774 0.5923 0.6333, -0.6774 0.5888 0.6328, -0.6775 0.5921 0.6318, -0.6775 0.5886 0.6322, -0.6776 0.5917 0.6307, -0.6777 0.591 0.6296, -0.6768 0.586 0.6395, -0.6769 0.5884 0.6389, -0.6771 0.588 0.636, -0.677 0.5899 0.6382, -0.6772 0.5884 0.6355, -0.677 0.5909 0.6373, -0.6772 0.5887 0.6349, -0.6771 0.5916 0.6363, -0.6772 0.5921 0.6352, -0.6722 0.5839 0.6473, -0.6722 0.587 0.6469, -0.6723 0.5895 0.646, -0.6724 0.5904 0.6455, -0.6726 0.5904 0.6423, -0.6725 0.5883 0.6437, -0.6725 0.5862 0.6444, -0.6724 0.5842 0.6446, -0.6725 0.583 0.6445, -0.6725 0.5823 0.6442, -0.6725 0.5817 0.6438, -0.6726 0.5812 0.6433, -0.6726 0.5808 0.6426, -0.6727 0.5804 0.6414, -0.6728 0.5803 0.6399, -0.6729 0.586 0.6391, -0.673 0.5884 0.6385, -0.673 0.5899 0.6378, -0.6731 0.5909 0.6369, -0.6732 0.5916 0.636, -0.6733 0.5921 0.6348, -0.6734 0.5923 0.6334, -0.6735 0.5923 0.6329, -0.6736 0.5921 0.6314, -0.6737 0.5917 0.6303, -0.6738 0.591 0.6293, -0.6738 0.5906 0.6289, -0.6739 0.5862 0.6274, -0.6739 0.5882 0.6276, -0.6739 0.5882 0.6276, -0.6739 0.5895 0.6281, -0.6739 0.5845 0.6276, -0.6739 0.5844 0.6276, -0.6739 0.5832 0.6281, -0.6738 0.582 0.6289, -0.6737 0.5809 0.63, -0.6736 0.5804 0.6308, -0.6736 0.5803 0.6308, -0.6739 0.5803 0.6279, -0.6739 0.577 0.6279, -0.6728 0.577 0.6401, -0.6726 0.5772 0.6426, -0.6725 0.5777 0.6441, -0.6724 0.5784 0.6452, -0.6723 0.5793 0.646, -0.6723 0.5804 0.6467, -0.6722 0.5818 0.6471, -0.6732 0.588 0.6356, -0.6732 0.5876 0.636, -0.6732 0.5868 0.6363, -0.6731 0.5848 0.6368, -0.6734 0.5889 0.6332, -0.6734 0.5889 0.6337, -0.6733 0.5887 0.6345, -0.6733 0.5884 0.6351, -0.6736 0.5879 0.631, -0.6736 0.5882 0.6313, -0.6736 0.5886 0.6318, -0.6735 0.5888 0.6325, -0.6737 0.5854 0.6301, -0.6737 0.5865 0.6303, -0.6737 0.5873 0.6305, -0.6736 0.5817 0.6317, -0.6736 0.5822 0.6313, -0.6737 0.5831 0.6307, -0.6737 0.5841 0.6303, -0.6732 0.5803 0.6356, -0.6732 0.5803 0.6353, -0.6734 0.5805 0.6339, -0.6735 0.581 0.6327, -0.6731 0.5803 0.6374
            ]
        }
        coordIndex [
            0,1,2,-1,2,1,3,-1,4,0,5,-1,5,0,2,-1,6,4,7,-1,7,4,5,-1,8,6,9,-1,9,6,7,-1,10,8,11,-1,11,8,9,-1,12,10,13,-1,13,10,11,-1,14,12,15,-1,15,12,13,-1,16,14,17,-1,17,14,15,-1,18,16,19,-1,19,16,17,-1,20,18,21,-1,21,18,19,-1,22,20,23,-1,23,20,21,-1,1,22,3,-1,3,22,23,-1,8,10,6,-1,6,10,12,-1,1,0,22,-1,22,0,4,-1,16,18,14,-1,14,18,20,-1,14,20,12,-1,12,20,22,-1,12,22,6,-1,6,22,4,-1,24,25,26,-1,26,25,27,-1,28,29,30,-1,31,32,33,-1,33,32,34,-1,35,36,27,-1,27,36,37,-1,37,38,27,-1,27,38,39,-1,27,39,26,-1,26,39,40,-1,26,40,31,-1,31,40,41,-1,31,41,32,-1,30,35,28,-1,28,35,27,-1,28,27,42,-1,42,27,43,-1,42,43,44,-1,44,43,45,-1,44,45,46,-1,46,45,47,-1,46,47,48,-1,48,47,49,-1,48,49,50,-1,50,49,51,-1,50,51,52,-1,52,51,53,-1,52,53,54,-1,54,53,55,-1,54,55,56,-1,56,55,57,-1,56,57,58,-1,58,57,59,-1,58,59,60,-1,60,59,61,-1,62,63,64,-1,64,63,65,-1,64,65,66,-1,66,65,67,-1,66,67,68,-1,68,67,69,-1,68,69,70,-1,70,69,71,-1,70,71,72,-1,72,71,73,-1,72,73,34,-1,34,73,74,-1,34,74,33,-1,75,76,77,-1,77,76,78,-1,77,78,79,-1,79,78,80,-1,79,80,81,-1,81,80,82,-1,81,82,62,-1,62,82,83,-1,62,83,63,-1,28,84,29,-1,29,84,85,-1,29,85,86,-1,86,85,87,-1,86,87,88,-1,88,87,89,-1,88,89,90,-1,90,89,91,-1,90,91,75,-1,75,91,92,-1,75,92,76,-1,55,93,94,-1,55,94,57,-1,57,94,95,-1,57,95,59,-1,59,95,96,-1,59,96,61,-1,60,61,97,-1,97,61,96,-1,60,97,98,-1,60,98,58,-1,58,98,99,-1,58,99,56,-1,56,99,100,-1,56,100,54,-1,54,100,101,-1,54,101,52,-1,52,101,102,-1,52,102,50,-1,50,102,103,-1,50,103,48,-1,48,103,104,-1,48,104,46,-1,46,104,105,-1,46,105,44,-1,44,105,106,-1,44,106,42,-1,42,106,107,-1,42,107,28,-1,84,28,108,-1,108,28,107,-1,84,108,109,-1,84,109,85,-1,85,109,110,-1,85,110,87,-1,87,110,111,-1,87,111,89,-1,89,111,112,-1,89,112,91,-1,91,112,113,-1,91,113,92,-1,92,113,114,-1,92,114,76,-1,76,114,115,-1,76,115,78,-1,78,115,116,-1,78,116,80,-1,80,116,117,-1,80,117,82,-1,82,117,118,-1,82,118,83,-1,83,118,119,-1,83,119,63,-1,120,69,121,-1,121,69,67,-1,121,67,122,-1,122,67,65,-1,122,65,123,-1,123,65,63,-1,123,63,119,-1,69,120,124,-1,69,124,71,-1,71,124,125,-1,71,125,73,-1,125,126,73,-1,73,126,127,-1,73,127,74,-1,74,127,128,-1,74,128,33,-1,33,128,129,-1,33,129,31,-1,26,31,130,-1,130,31,129,-1,24,26,131,-1,131,26,130,-1,25,24,132,-1,132,24,131,-1,27,25,133,-1,133,25,132,-1,27,133,134,-1,27,134,43,-1,43,134,135,-1,43,135,45,-1,45,135,136,-1,45,136,47,-1,47,136,137,-1,47,137,49,-1,49,137,138,-1,49,138,51,-1,51,138,139,-1,51,139,53,-1,53,139,93,-1,53,93,55,-1,86,140,141,-1,86,141,29,-1,29,141,142,-1,29,142,30,-1,30,142,143,-1,30,143,35,-1,77,144,145,-1,77,145,75,-1,75,145,146,-1,75,146,90,-1,90,146,147,-1,90,147,88,-1,88,147,140,-1,88,140,86,-1,64,148,149,-1,64,149,62,-1,62,149,150,-1,62,150,81,-1,81,150,151,-1,81,151,79,-1,79,151,144,-1,79,144,77,-1,70,152,153,-1,70,153,68,-1,68,153,154,-1,68,154,66,-1,66,154,148,-1,66,148,64,-1,41,155,156,-1,41,156,32,-1,32,156,157,-1,32,157,34,-1,34,157,158,-1,34,158,72,-1,72,158,152,-1,72,152,70,-1,37,159,160,-1,37,160,38,-1,38,160,161,-1,38,161,39,-1,39,161,162,-1,39,162,40,-1,40,162,155,-1,40,155,41,-1,37,36,159,-1,159,36,163,-1,36,35,163,-1,163,35,143,-1,
        ]
    }
}
Shape{
    appearance Appearance {
        material  Material 	{
            diffuseColor 0.20784313725490197 0.20784313725490197 0.20784313725490197
            specularColor 0.01568627450980392 0.01568627450980392 0.01568627450980392
            ambientIntensity 0.298
            transparency 0.0
            shininess 0.5
        }
    }
    geometry IndexedFaceSet {
        ccw TRUE
        solid FALSE
        coord DEF co Coordinate {
            point [
                -0.6731 0.5803 0.6374, -0.6731 0.5848 0.6368, -0.6732 0.5803 0.6356, -0.6732 0.5868 0.6363, -0.6732 0.5876 0.636, -0.6732 0.588 0.6356, -0.6732 0.5803 0.6353, -0.6734 0.5805 0.6339, -0.6733 0.5884 0.6351, -0.6735 0.581 0.6327, -0.6736 0.5882 0.6313, -0.6736 0.5879 0.631, -0.6736 0.5822 0.6313, -0.6736 0.5886 0.6318, -0.6737 0.5831 0.6307, -0.6737 0.5841 0.6303, -0.6737 0.5854 0.6301, -0.6733 0.5887 0.6345, -0.6734 0.5889 0.6337, -0.6736 0.5817 0.6317, -0.6734 0.5889 0.6332, -0.6735 0.5888 0.6325, -0.6737 0.5873 0.6305, -0.6737 0.5865 0.6303
            ]
        }
        coordIndex [
            0,1,2,-1,2,1,3,-1,3,4,2,-1,2,4,5,-1,2,5,6,-1,6,5,7,-1,7,5,8,-1,7,8,9,-1,10,11,12,-1,10,12,13,-1,14,12,15,-1,15,12,16,-1,8,17,9,-1,9,17,18,-1,9,18,19,-1,19,18,20,-1,19,20,12,-1,12,20,21,-1,12,21,13,-1,11,22,12,-1,12,22,23,-1,12,23,16,-1,
        ]
    }
}
Shape{
    appearance Appearance {
        material  Material 	{
            diffuseColor 1.0 1.0 1.0
            specularColor 0.8784313725490196 0.8784313725490196 0.8784313725490196
            ambientIntensity 1.0
            transparency 0.0
            shininess 0.5
        }
    }
    geometry IndexedFaceSet {
        ccw TRUE
        solid FALSE
        coord DEF co Coordinate {
            point [
                -0.6735 0.5724 0.632, -0.6775 0.5724 0.6323, -0.6775 0.5711 0.6315, -0.6776 0.5669 0.6305, -0.6737 0.5669 0.6301, -0.6737 0.569 0.6304, -0.6776 0.569 0.6307, -0.6736 0.5709 0.6311, -0.6736 0.5711 0.6312, -0.6778 0.5724 0.6289, -0.6738 0.5724 0.6285, -0.6739 0.5709 0.628, -0.6778 0.57 0.628, -0.6739 0.5673 0.6274, -0.6779 0.5673 0.6278, -0.6739 0.5695 0.6276, -0.6739 0.57 0.6277, -0.6739 0.5651 0.6276, -0.6778 0.5645 0.628, -0.6739 0.5645 0.6277, -0.6739 0.5627 0.6283, -0.6778 0.5627 0.6287, -0.6738 0.5617 0.6289, -0.6777 0.5617 0.6293, -0.6737 0.5608 0.6298, -0.6777 0.5608 0.6301, -0.6737 0.5601 0.6306, -0.6776 0.5601 0.631, -0.6736 0.5597 0.6317, -0.6775 0.5597 0.632, -0.6735 0.5596 0.633, -0.6774 0.5596 0.6334, -0.6733 0.5597 0.6343, -0.6773 0.5597 0.6346, -0.6733 0.5601 0.6353, -0.6772 0.5601 0.6356, -0.6732 0.5607 0.6362, -0.6771 0.5607 0.6365, -0.6731 0.5615 0.6369, -0.677 0.5615 0.6372, -0.673 0.5637 0.6381, -0.6769 0.5637 0.6385, -0.673 0.565 0.6386, -0.6769 0.565 0.639, -0.6729 0.5671 0.6395, -0.6768 0.5671 0.6399, -0.6728 0.5682 0.6403, -0.6767 0.5682 0.6406, -0.6728 0.5686 0.6406, -0.6767 0.5686 0.641, -0.6727 0.5688 0.6411, -0.6767 0.5688 0.6414, -0.6727 0.5689 0.6416, -0.6766 0.5689 0.6419, -0.6727 0.569 0.642, -0.6766 0.569 0.6424, -0.6726 0.5689 0.6426, -0.6765 0.5689 0.6429, -0.6726 0.5687 0.643, -0.6765 0.5687 0.6434, -0.6725 0.5685 0.6434, -0.6765 0.5685 0.6438, -0.6725 0.568 0.6439, -0.6764 0.568 0.6442, -0.6725 0.5672 0.6443, -0.6764 0.5672 0.6446, -0.6724 0.5663 0.6445, -0.6764 0.5663 0.6449, -0.6724 0.5653 0.6446, -0.6764 0.5653 0.6449, -0.6725 0.5631 0.6443, -0.6764 0.5631 0.6447, -0.6725 0.5612 0.6436, -0.6764 0.5612 0.644, -0.6726 0.5605 0.6432, -0.6765 0.5605 0.6436, -0.6762 0.5605 0.6468, -0.6723 0.5605 0.6464, -0.6722 0.5632 0.6472, -0.6761 0.5632 0.6475, -0.6722 0.565 0.6473, -0.6761 0.565 0.6476, -0.6722 0.5675 0.647, -0.6761 0.5675 0.6474, -0.6723 0.5693 0.6464, -0.6762 0.5693 0.6467, -0.6723 0.5703 0.6458, -0.6763 0.5703 0.6461, -0.6724 0.5709 0.6452, -0.6763 0.5713 0.6452, -0.6724 0.5713 0.6449, -0.6725 0.5719 0.644, -0.6764 0.5719 0.6443, -0.6726 0.5723 0.6429, -0.6765 0.5723 0.6433, -0.6727 0.5724 0.6417, -0.6766 0.5724 0.6421, -0.6728 0.5723 0.6404, -0.6767 0.5723 0.6408, -0.6729 0.5719 0.6394, -0.6768 0.5719 0.6398, -0.673 0.5715 0.6387, -0.6769 0.5715 0.6391, -0.6732 0.5674 0.6362, -0.6771 0.5674 0.6366, -0.677 0.5693 0.6375, -0.673 0.5709 0.6382, -0.6769 0.5709 0.6385, -0.673 0.5709 0.6381, -0.6731 0.5693 0.6371, -0.6733 0.5652 0.6353, -0.6772 0.5652 0.6356, -0.6733 0.5639 0.6345, -0.6772 0.5639 0.6349, -0.6734 0.5634 0.6341, -0.6773 0.5634 0.6344, -0.6734 0.5632 0.6336, -0.6773 0.5632 0.634, -0.6734 0.563 0.6331, -0.6774 0.563 0.6335, -0.6735 0.563 0.6327, -0.6774 0.563 0.633, -0.6735 0.5631 0.6321, -0.6775 0.5631 0.6324, -0.6736 0.5632 0.6316, -0.6775 0.5632 0.6319, -0.6736 0.5635 0.6312, -0.6775 0.5635 0.6315, -0.6736 0.5639 0.6308, -0.6776 0.5639 0.6312, -0.6737 0.5642 0.6306, -0.6776 0.5642 0.631, -0.6737 0.5651 0.6303, -0.6776 0.5651 0.6307, -0.6737 0.5668 0.6301, -0.6776 0.5668 0.6305, -0.6762 0.543 0.6472, -0.6762 0.5395 0.6472, -0.6722 0.543 0.6469, -0.6722 0.5395 0.6469, -0.6774 0.5482 0.6329, -0.6735 0.5482 0.6326, -0.6736 0.5485 0.6317, -0.6775 0.5485 0.632, -0.6736 0.5486 0.631, -0.6775 0.5486 0.6314, -0.6775 0.5487 0.6314, -0.6736 0.5487 0.631, -0.6774 0.5491 0.6329, -0.6735 0.5491 0.6326, -0.6762 0.5541 0.6472, -0.6726 0.5525 0.6422, -0.6722 0.5541 0.6469, -0.6762 0.5578 0.6472, -0.6722 0.5578 0.6469, -0.6778 0.5503 0.6282, -0.6734 0.5525 0.6333, -0.6739 0.5503 0.6279, -0.6742 0.5518 0.6245, -0.6781 0.5518 0.6248, -0.6739 0.5505 0.6276, -0.6743 0.5525 0.6233, -0.6743 0.5525 0.6233, -0.6783 0.5531 0.6229, -0.6782 0.5525 0.6236, -0.6744 0.5531 0.6226, -0.6744 0.5537 0.6221, -0.6783 0.5537 0.6225, -0.6744 0.5544 0.6219, -0.6783 0.5544 0.6222, -0.6744 0.5552 0.6218, -0.6784 0.5552 0.6221, -0.6744 0.5565 0.6219, -0.6783 0.5565 0.6223, -0.6744 0.5571 0.6222, -0.6783 0.5571 0.6225, -0.6786 0.5571 0.6195, -0.6747 0.5571 0.6192, -0.6747 0.5557 0.6189, -0.6786 0.5557 0.6193, -0.6747 0.555 0.6189, -0.6786 0.555 0.6193, -0.6747 0.5536 0.6191, -0.6786 0.5536 0.6194, -0.6746 0.5525 0.6195, -0.6785 0.5523 0.6199, -0.6746 0.5523 0.6196, -0.6746 0.5511 0.6204, -0.6785 0.5511 0.6207, -0.6745 0.5509 0.6206, -0.6785 0.5509 0.6209, -0.6744 0.5497 0.6221, -0.6783 0.5497 0.6224, -0.6742 0.5482 0.625, -0.6781 0.5482 0.6253, -0.6739 0.5471 0.6276, -0.6776 0.5216 0.6312, -0.6778 0.5216 0.6282, -0.6736 0.5216 0.6309, -0.6739 0.5216 0.6279, -0.6776 0.5325 0.6312, -0.6736 0.5275 0.6309, -0.6736 0.5325 0.6309, -0.6768 0.5325 0.6402, -0.6729 0.5325 0.6398, -0.6768 0.5229 0.6402, -0.6729 0.5275 0.6398, -0.6729 0.5229 0.6398, -0.6765 0.5229 0.6432, -0.6726 0.5229 0.6429, -0.6726 0.5325 0.6429, -0.6765 0.5325 0.6432, -0.6726 0.5275 0.6429, -0.6758 0.5325 0.6517, -0.6718 0.5325 0.6514, -0.6718 0.5222 0.6514, -0.6758 0.5222 0.6517, -0.6718 0.5275 0.6514, -0.6755 0.5222 0.6548, -0.6716 0.5222 0.6545, -0.6716 0.5359 0.6545, -0.6755 0.5359 0.6548, -0.6716 0.5275 0.6545, -0.6778 0.5359 0.6282, -0.6739 0.5359 0.6279, -0.6739 0.5275 0.6279, -0.6768 0.4985 0.6402, -0.6768 0.4949 0.64, -0.6766 0.4984 0.6417, -0.6766 0.4948 0.6418, -0.6764 0.4987 0.6448, -0.6763 0.4953 0.6456, -0.6762 0.4995 0.6468, -0.6761 0.4963 0.6481, -0.6761 0.5005 0.6483, -0.6759 0.4979 0.6504, -0.676 0.5013 0.6492, -0.6758 0.4988 0.6513, -0.6759 0.5034 0.6506, -0.6756 0.5018 0.6533, -0.6758 0.5057 0.6514, -0.6755 0.505 0.6544, -0.6758 0.5091 0.6517, -0.6755 0.5089 0.6548, -0.6758 0.5131 0.6517, -0.6755 0.5165 0.6548, -0.6776 0.5131 0.6312, -0.6778 0.5165 0.6282, -0.6776 0.5092 0.6312, -0.6778 0.5092 0.6282, -0.6775 0.5058 0.6316, -0.6778 0.505 0.6287, -0.6775 0.5035 0.6324, -0.6777 0.5019 0.6298, -0.6774 0.5018 0.6336, -0.6775 0.4993 0.6315, -0.6773 0.5013 0.634, -0.6775 0.4988 0.6319, -0.6772 0.4999 0.6358, -0.6773 0.4969 0.6341, -0.677 0.499 0.6378, -0.6771 0.4956 0.6369, -0.6739 0.5092 0.6279, -0.6739 0.5165 0.6279, -0.6739 0.505 0.6283, -0.6738 0.5019 0.6295, -0.6736 0.4993 0.6312, -0.6736 0.4988 0.6316, -0.6734 0.4969 0.6338, -0.6731 0.4956 0.6365, -0.6729 0.4949 0.6396, -0.6727 0.4948 0.6415, -0.6724 0.4953 0.6452, -0.6722 0.4963 0.6478, -0.672 0.4979 0.6501, -0.6719 0.4988 0.6509, -0.6717 0.5018 0.6529, -0.6716 0.505 0.654, -0.6716 0.5089 0.6545, -0.6716 0.5165 0.6545, -0.6718 0.5091 0.6514, -0.6718 0.5131 0.6514, -0.6736 0.5131 0.6309, -0.6736 0.5092 0.6309, -0.6734 0.5013 0.6337, -0.6734 0.5018 0.6332, -0.6735 0.5035 0.6321, -0.6736 0.5058 0.6313, -0.6727 0.4984 0.6414, -0.6729 0.4985 0.6399, -0.6731 0.499 0.6374, -0.6732 0.4999 0.6354, -0.6721 0.5013 0.6489, -0.6721 0.5005 0.648, -0.6723 0.4995 0.6465, -0.6725 0.4987 0.6444, -0.6719 0.5057 0.651, -0.6719 0.5034 0.6502
            ]
        }
        coordIndex [
            0,1,2,-1,3,4,5,-1,3,5,6,-1,6,5,7,-1,6,7,2,-1,2,7,8,-1,2,8,0,-1,9,1,10,-1,10,1,0,-1,10,11,9,-1,9,11,12,-1,13,14,15,-1,15,14,12,-1,15,12,16,-1,16,12,11,-1,13,17,14,-1,14,17,18,-1,17,19,18,-1,18,19,20,-1,18,20,21,-1,21,20,22,-1,21,22,23,-1,23,22,24,-1,23,24,25,-1,25,24,26,-1,25,26,27,-1,27,26,28,-1,27,28,29,-1,29,28,30,-1,29,30,31,-1,31,30,32,-1,31,32,33,-1,33,32,34,-1,33,34,35,-1,35,34,36,-1,35,36,37,-1,37,36,38,-1,37,38,39,-1,39,38,40,-1,39,40,41,-1,41,40,42,-1,41,42,43,-1,43,42,44,-1,43,44,45,-1,45,44,46,-1,45,46,47,-1,47,46,48,-1,47,48,49,-1,49,48,50,-1,49,50,51,-1,51,50,52,-1,51,52,53,-1,53,52,54,-1,53,54,55,-1,55,54,56,-1,55,56,57,-1,57,56,58,-1,57,58,59,-1,59,58,60,-1,59,60,61,-1,61,60,62,-1,61,62,63,-1,63,62,64,-1,63,64,65,-1,65,64,66,-1,65,66,67,-1,67,66,68,-1,67,68,69,-1,69,68,70,-1,69,70,71,-1,71,70,72,-1,71,72,73,-1,73,72,74,-1,73,74,75,-1,76,75,77,-1,77,75,74,-1,76,77,78,-1,76,78,79,-1,79,78,80,-1,79,80,81,-1,81,80,82,-1,81,82,83,-1,83,82,84,-1,83,84,85,-1,85,84,86,-1,85,86,87,-1,86,88,87,-1,87,88,89,-1,88,90,89,-1,89,90,91,-1,89,91,92,-1,92,91,93,-1,92,93,94,-1,94,93,95,-1,94,95,96,-1,96,95,97,-1,96,97,98,-1,98,97,99,-1,98,99,100,-1,100,99,101,-1,100,101,102,-1,103,104,105,-1,102,101,106,-1,102,106,107,-1,107,106,108,-1,107,108,105,-1,105,108,109,-1,105,109,103,-1,104,103,110,-1,104,110,111,-1,111,110,112,-1,111,112,113,-1,113,112,114,-1,113,114,115,-1,115,114,116,-1,115,116,117,-1,117,116,118,-1,117,118,119,-1,119,118,120,-1,119,120,121,-1,121,120,122,-1,121,122,123,-1,123,122,124,-1,123,124,125,-1,125,124,126,-1,125,126,127,-1,127,126,128,-1,127,128,129,-1,129,128,130,-1,129,130,131,-1,131,130,132,-1,131,132,133,-1,133,132,134,-1,133,134,135,-1,135,134,4,-1,135,4,3,-1,61,63,85,-1,85,63,83,-1,111,43,104,-1,104,43,45,-1,21,23,127,-1,127,23,25,-1,127,25,125,-1,125,25,27,-1,125,27,123,-1,123,27,29,-1,123,29,121,-1,121,29,31,-1,121,31,119,-1,119,31,33,-1,119,33,117,-1,117,33,35,-1,117,35,115,-1,115,35,37,-1,115,37,113,-1,113,37,39,-1,113,39,111,-1,111,39,41,-1,111,41,43,-1,14,3,12,-1,12,3,6,-1,12,6,9,-1,9,6,2,-1,9,2,1,-1,63,65,83,-1,83,65,67,-1,83,67,81,-1,81,67,69,-1,81,69,79,-1,79,69,71,-1,79,71,76,-1,76,71,73,-1,76,73,75,-1,127,129,21,-1,21,129,131,-1,21,131,18,-1,18,131,133,-1,18,133,14,-1,14,133,135,-1,14,135,3,-1,85,87,61,-1,61,87,89,-1,61,89,59,-1,59,89,92,-1,59,92,57,-1,57,92,94,-1,57,94,55,-1,55,94,96,-1,55,96,53,-1,53,96,98,-1,53,98,51,-1,51,98,100,-1,51,100,49,-1,49,100,102,-1,49,102,47,-1,47,102,107,-1,47,107,45,-1,45,107,105,-1,45,105,104,-1,136,137,138,-1,138,137,139,-1,140,136,141,-1,141,136,138,-1,140,141,142,-1,140,142,143,-1,143,142,144,-1,143,144,145,-1,146,145,147,-1,147,145,144,-1,148,146,149,-1,149,146,147,-1,148,149,150,-1,150,149,151,-1,150,151,152,-1,153,150,154,-1,154,150,152,-1,153,154,155,-1,155,154,156,-1,155,156,157,-1,158,159,160,-1,160,159,155,-1,160,155,157,-1,159,158,161,-1,162,163,161,-1,161,163,164,-1,161,164,159,-1,162,165,163,-1,163,165,166,-1,163,166,167,-1,167,166,168,-1,167,168,169,-1,169,168,170,-1,169,170,171,-1,171,170,172,-1,171,172,173,-1,173,172,174,-1,173,174,175,-1,176,175,177,-1,177,175,174,-1,176,177,178,-1,176,178,179,-1,179,178,180,-1,179,180,181,-1,181,180,182,-1,181,182,183,-1,183,182,184,-1,183,184,185,-1,184,186,185,-1,185,186,187,-1,185,187,188,-1,188,187,189,-1,188,189,190,-1,190,189,191,-1,190,191,192,-1,192,191,193,-1,192,193,194,-1,139,137,195,-1,195,137,194,-1,195,194,193,-1,143,145,194,-1,137,136,194,-1,194,136,140,-1,194,140,143,-1,150,153,148,-1,148,153,155,-1,148,155,146,-1,192,164,190,-1,190,164,163,-1,175,176,173,-1,173,176,179,-1,173,179,171,-1,171,179,181,-1,171,181,169,-1,169,181,183,-1,169,183,167,-1,167,183,185,-1,167,185,163,-1,163,185,188,-1,163,188,190,-1,145,146,194,-1,194,146,155,-1,194,155,192,-1,192,155,159,-1,192,159,164,-1,196,197,198,-1,198,197,199,-1,196,198,200,-1,200,198,201,-1,200,201,202,-1,203,200,204,-1,204,200,202,-1,203,204,205,-1,205,204,206,-1,205,206,207,-1,208,205,209,-1,209,205,207,-1,210,211,212,-1,212,211,208,-1,212,208,209,-1,213,211,214,-1,214,211,210,-1,215,216,217,-1,217,216,213,-1,217,213,214,-1,218,216,219,-1,219,216,215,-1,220,221,222,-1,222,221,218,-1,222,218,219,-1,223,221,224,-1,224,221,220,-1,223,224,197,-1,197,224,225,-1,197,225,199,-1,223,197,196,-1,196,200,223,-1,223,200,203,-1,223,203,221,-1,216,218,213,-1,213,218,221,-1,213,221,211,-1,211,221,203,-1,211,203,208,-1,208,203,205,-1,226,227,228,-1,228,227,229,-1,228,229,230,-1,230,229,231,-1,230,231,232,-1,232,231,233,-1,232,233,234,-1,234,233,235,-1,234,235,236,-1,236,235,237,-1,236,237,238,-1,238,237,239,-1,238,239,240,-1,240,239,241,-1,240,241,242,-1,242,241,243,-1,242,243,244,-1,244,243,245,-1,244,245,246,-1,246,245,247,-1,246,247,248,-1,248,247,249,-1,248,249,250,-1,250,249,251,-1,250,251,252,-1,252,251,253,-1,252,253,254,-1,254,253,255,-1,254,255,256,-1,256,255,257,-1,256,257,258,-1,258,257,259,-1,258,259,260,-1,260,259,261,-1,260,261,226,-1,226,261,227,-1,249,247,262,-1,262,247,263,-1,249,262,264,-1,249,264,251,-1,251,264,265,-1,251,265,253,-1,253,265,266,-1,253,266,255,-1,255,266,267,-1,255,267,257,-1,257,267,268,-1,257,268,259,-1,259,268,269,-1,259,269,261,-1,261,269,270,-1,261,270,227,-1,227,270,271,-1,227,271,229,-1,229,271,272,-1,229,272,231,-1,231,272,273,-1,231,273,233,-1,233,273,274,-1,233,274,235,-1,235,274,275,-1,235,275,237,-1,237,275,276,-1,237,276,239,-1,239,276,277,-1,239,277,241,-1,241,277,278,-1,241,278,243,-1,245,243,279,-1,279,243,278,-1,247,245,263,-1,263,245,279,-1,242,244,280,-1,280,244,281,-1,244,246,281,-1,281,246,282,-1,246,248,282,-1,282,248,283,-1,256,284,285,-1,256,285,254,-1,254,285,286,-1,254,286,252,-1,252,286,287,-1,252,287,250,-1,250,287,283,-1,250,283,248,-1,228,288,289,-1,228,289,226,-1,226,289,290,-1,226,290,260,-1,260,290,291,-1,260,291,258,-1,258,291,284,-1,258,284,256,-1,236,292,293,-1,236,293,234,-1,234,293,294,-1,234,294,232,-1,232,294,295,-1,232,295,230,-1,230,295,288,-1,230,288,228,-1,242,280,296,-1,242,296,240,-1,240,296,297,-1,240,297,238,-1,238,297,292,-1,238,292,236,-1,
        ]
    }
}
Shape{
    appearance Appearance {
        material  Material 	{
            diffuseColor 0.20784313725490197 0.20784313725490197 0.20784313725490197
            specularColor 0.01568627450980392 0.01568627450980392 0.01568627450980392
            ambientIntensity 0.298
            transparency 0.0
            shininess 0.5
        }
    }
    geometry IndexedFaceSet {
        ccw TRUE
        solid FALSE
        coord DEF co Coordinate {
            point [
                -0.6718 0.5131 0.6514, -0.6736 0.5131 0.6309, -0.6718 0.5091 0.6514, -0.6736 0.5092 0.6309, -0.6736 0.5058 0.6313, -0.6735 0.5035 0.6321, -0.6734 0.5018 0.6332, -0.6734 0.5013 0.6337, -0.6732 0.4999 0.6354, -0.6731 0.499 0.6374, -0.6729 0.4985 0.6399, -0.6727 0.4984 0.6414, -0.6725 0.4987 0.6444, -0.6723 0.4995 0.6465, -0.6721 0.5005 0.648, -0.6721 0.5013 0.6489, -0.6719 0.5057 0.651, -0.6719 0.5034 0.6502
            ]
        }
        coordIndex [
            0,1,2,-1,2,1,3,-1,2,3,4,-1,4,5,2,-1,2,5,6,-1,2,6,7,-1,7,8,2,-1,2,8,9,-1,2,9,10,-1,10,11,2,-1,2,11,12,-1,2,12,13,-1,13,14,2,-1,2,14,15,-1,2,15,16,-1,16,15,17,-1,
        ]
    }
}
Shape{
    appearance Appearance {
        material  Material 	{
            diffuseColor 1.0 1.0 1.0
            specularColor 0.8784313725490196 0.8784313725490196 0.8784313725490196
            ambientIntensity 1.0
            transparency 0.0
            shininess 0.5
        }
    }
    geometry IndexedFaceSet {
        ccw TRUE
        solid FALSE
        coord DEF co Coordinate {
            point [
                -0.6769 0.4859 0.6385, -0.676 0.4819 0.6495, -0.6755 0.4832 0.6548, -0.6778 0.4933 0.6282, -0.6778 0.4895 0.6282, -0.6772 0.4869 0.6355, -0.6759 0.4816 0.6503, -0.6758 0.4814 0.6514, -0.6755 0.4795 0.6548, -0.6758 0.4813 0.6514, -0.6759 0.4811 0.6503, -0.676 0.4809 0.6495, -0.6769 0.4769 0.6385, -0.6778 0.4693 0.6282, -0.6778 0.4731 0.6282, -0.6772 0.4758 0.6355, -0.6716 0.4795 0.6545, -0.6739 0.4693 0.6279, -0.6716 0.4832 0.6545, -0.6739 0.4933 0.6279, -0.6739 0.4895 0.6279, -0.6733 0.4869 0.6351, -0.6733 0.4758 0.6351, -0.6739 0.4731 0.6279, -0.673 0.4859 0.6381, -0.673 0.4769 0.6381, -0.672 0.4809 0.6492, -0.6719 0.4813 0.6511, -0.672 0.4811 0.6499, -0.6719 0.4814 0.6511, -0.672 0.4819 0.6492, -0.672 0.4816 0.65
            ]
        }
        coordIndex [
            0,1,2,-1,3,4,5,-1,1,6,2,-1,2,6,7,-1,2,7,8,-1,8,7,9,-1,8,9,10,-1,10,11,8,-1,8,11,12,-1,8,12,13,-1,14,13,15,-1,15,13,12,-1,15,12,5,-1,5,12,0,-1,5,0,3,-1,3,0,2,-1,8,13,16,-1,16,13,17,-1,2,8,18,-1,18,8,16,-1,3,2,19,-1,19,2,18,-1,4,3,20,-1,20,3,19,-1,5,4,21,-1,21,4,20,-1,15,5,22,-1,22,5,21,-1,14,15,23,-1,23,15,22,-1,13,14,17,-1,17,14,23,-1,0,12,24,-1,24,12,25,-1,12,11,25,-1,25,11,26,-1,9,27,28,-1,9,28,10,-1,10,28,26,-1,10,26,11,-1,9,7,27,-1,27,7,29,-1,1,30,31,-1,1,31,6,-1,6,31,29,-1,6,29,7,-1,1,0,30,-1,30,0,24,-1,
        ]
    }
}
Shape{
    appearance Appearance {
        material  Material 	{
            diffuseColor 0.20784313725490197 0.20784313725490197 0.20784313725490197
            specularColor 0.01568627450980392 0.01568627450980392 0.01568627450980392
            ambientIntensity 0.298
            transparency 0.0
            shininess 0.5
        }
    }
    geometry IndexedFaceSet {
        ccw TRUE
        solid FALSE
        coord DEF co Coordinate {
            point [
                -0.6719 0.4813 0.6511, -0.6719 0.4814 0.6511, -0.672 0.4811 0.6499, -0.672 0.4816 0.65, -0.672 0.4809 0.6492, -0.672 0.4819 0.6492, -0.673 0.4769 0.6381, -0.673 0.4859 0.6381
            ]
        }
        coordIndex [
            0,1,2,-1,2,1,3,-1,2,3,4,-1,4,3,5,-1,4,5,6,-1,6,5,7,-1,
        ]
    }
}
Shape{
    appearance Appearance {
        material  Material 	{
            diffuseColor 1.0 1.0 1.0
            specularColor 0.8784313725490196 0.8784313725490196 0.8784313725490196
            ambientIntensity 1.0
            transparency 0.0
            shininess 0.5
        }
    }
    geometry IndexedFaceSet {
        ccw TRUE
        solid FALSE
        coord DEF co Coordinate {
            point [
                -0.6759 0.666 0.6504, -0.675 0.6719 0.6604, -0.6762 0.6974 0.6472, -0.6767 0.7102 0.6416, -0.6767 0.7084 0.6409, -0.6738 0.7328 0.6739, -0.6736 0.7286 0.6762, -0.6726 0.7295 0.6879, -0.6726 0.7177 0.6884, -0.6738 0.7118 0.6746, -0.6732 0.7089 0.6806, -0.6787 0.7215 0.6184, -0.6767 0.7294 0.6412, -0.6784 0.7252 0.6213, -0.6781 0.7279 0.6248, -0.6725 0.722 0.6888, -0.6768 0.7069 0.6399, -0.6769 0.7057 0.6385, -0.6771 0.6926 0.6364, -0.6767 0.7136 0.6415, -0.6756 0.7157 0.6532, -0.6767 0.7153 0.6408, -0.6758 0.7199 0.6517, -0.6768 0.7168 0.6398, -0.676 0.7238 0.6491, -0.6769 0.7175 0.639, -0.6763 0.7271 0.6456, -0.677 0.7185 0.6374, -0.6766 0.7292 0.6417, -0.6772 0.7191 0.6357, -0.6773 0.7192 0.6338, -0.6757 0.7043 0.6522, -0.6756 0.7089 0.6534, -0.6756 0.7116 0.6536, -0.6742 0.6598 0.6691, -0.6742 0.6583 0.6691, -0.6734 0.6505 0.6793, -0.6743 0.6547 0.6687, -0.6734 0.6496 0.679, -0.6744 0.6514 0.6674, -0.6736 0.6439 0.6763, -0.674 0.6388 0.6719, -0.6722 0.7138 0.6929, -0.6728 0.7046 0.6857, -0.6718 0.7093 0.6967, -0.6725 0.6996 0.6894, -0.6716 0.7047 0.6996, -0.6765 0.7331 0.6433, -0.6777 0.732 0.6292, -0.6778 0.7296 0.6285, -0.6735 0.7239 0.6773, -0.6735 0.7218 0.6775, -0.6725 0.7198 0.6887, -0.6736 0.7179 0.677, -0.6737 0.7136 0.6756, -0.6771 0.7049 0.637, -0.6772 0.7044 0.6352, -0.6773 0.6926 0.6345, -0.6774 0.7044 0.6335, -0.6771 0.6387 0.6366, -0.6764 0.6477 0.644, -0.6775 0.6439 0.6323, -0.6766 0.6505 0.6418, -0.6777 0.6497 0.6295, -0.6768 0.6538 0.6403, -0.6778 0.656 0.6281, -0.6768 0.6571 0.6396, -0.6778 0.6672 0.6281, -0.6768 0.6657 0.6396, -0.6778 0.6683 0.6283, -0.6728 0.7365 0.6851, -0.6732 0.7426 0.6809, -0.6741 0.7363 0.6707, -0.6733 0.7438 0.6797, -0.6744 0.7388 0.6669, -0.6738 0.7484 0.6739, -0.6748 0.7404 0.6626, -0.6766 0.7118 0.6417, -0.6759 0.7004 0.65, -0.6746 0.6484 0.6654, -0.6748 0.6462 0.6629, -0.6745 0.6349 0.6666, -0.6751 0.6444 0.6597, -0.675 0.6326 0.6608, -0.6754 0.6436 0.656, -0.6755 0.6317 0.6546, -0.6755 0.6435 0.6544, -0.6761 0.6326 0.6479, -0.6759 0.6439 0.6507, -0.6766 0.6349 0.6419, -0.6761 0.6452 0.6474, -0.6764 0.6473 0.6444, -0.672 0.6607 0.6943, -0.6728 0.6682 0.6857, -0.6727 0.6545 0.6871, -0.6732 0.6639 0.6806, -0.6738 0.661 0.6745, -0.6713 0.6959 0.703, -0.6723 0.6934 0.6919, -0.6712 0.6865 0.7041, -0.6722 0.6864 0.6928, -0.6713 0.6787 0.7033, -0.6722 0.6799 0.692, -0.6715 0.6692 0.6999, -0.6724 0.6739 0.6897, -0.6728 0.6686 0.686, -0.6778 0.7155 0.628, -0.6779 0.7138 0.6273, -0.6789 0.7172 0.6165, -0.6779 0.7121 0.627, -0.6789 0.7128 0.6157, -0.6779 0.7118 0.627, -0.6789 0.7116 0.6156, -0.6779 0.7099 0.6272, -0.6789 0.7075 0.6161, -0.6779 0.7082 0.6279, -0.6788 0.7032 0.6176, -0.6778 0.7068 0.6289, -0.6785 0.6994 0.6201, -0.6777 0.7058 0.6301, -0.6782 0.6962 0.6236, -0.6775 0.7049 0.6317, -0.6779 0.6939 0.6278, -0.6775 0.6927 0.6324, -0.6768 0.6666 0.6398, -0.6777 0.6712 0.6301, -0.6777 0.6707 0.6296, -0.6744 0.7514 0.6671, -0.675 0.7527 0.66, -0.6752 0.7408 0.6585, -0.6752 0.7528 0.6582, -0.6754 0.7405 0.6554, -0.6759 0.7518 0.6507, -0.6759 0.7391 0.6507, -0.6765 0.7491 0.6437, -0.6762 0.7366 0.6467, -0.677 0.7448 0.6376, -0.6774 0.7389 0.6325, -0.6777 0.717 0.6291, -0.6776 0.7181 0.6304, -0.6775 0.7188 0.632, -0.6768 0.6661 0.6397, -0.6778 0.6695 0.6288, -0.6773 0.6727 0.634, -0.6774 0.6725 0.6326, -0.6776 0.672 0.6313, -0.6768 0.6683 0.6396, -0.6769 0.6696 0.6391, -0.6773 0.6726 0.6347, -0.6769 0.6707 0.6383, -0.677 0.6715 0.6374, -0.6771 0.6723 0.6362, -0.6768 0.6668 0.6398, -0.6716 0.6317 0.6542, -0.6711 0.6326 0.6604, -0.6709 0.6332 0.662, -0.6705 0.6349 0.6662, -0.6702 0.6375 0.6698, -0.6701 0.6388 0.6716, -0.6697 0.6439 0.6759, -0.6695 0.6496 0.6787, -0.6694 0.6505 0.679, -0.6688 0.6545 0.6867, -0.6681 0.6607 0.6939, -0.6679 0.6651 0.6969, -0.6676 0.6692 0.6996, -0.6673 0.6787 0.7029, -0.6673 0.6865 0.7038, -0.6679 0.7093 0.6964, -0.6679 0.7086 0.6969, -0.6677 0.7047 0.6992, -0.6674 0.6959 0.7026, -0.6682 0.7138 0.6926, -0.6686 0.7177 0.6881, -0.6686 0.7198 0.6883, -0.6686 0.722 0.6885, -0.6687 0.7295 0.6875, -0.6689 0.7365 0.6848, -0.6693 0.7426 0.6806, -0.6694 0.7438 0.6794, -0.6699 0.7484 0.6735, -0.6702 0.7501 0.6698, -0.6705 0.7514 0.6667, -0.6709 0.7523 0.662, -0.6711 0.7527 0.6596, -0.6713 0.7528 0.6578, -0.6719 0.7518 0.6504, -0.6725 0.7491 0.6434, -0.6731 0.7448 0.6372, -0.6735 0.7389 0.6322, -0.6738 0.732 0.6289, -0.6739 0.7296 0.6281, -0.6739 0.7294 0.6276, -0.6742 0.7279 0.6244, -0.6745 0.7252 0.6209, -0.6748 0.7215 0.6181, -0.6748 0.7194 0.6171, -0.6749 0.7172 0.6161, -0.675 0.7128 0.6153, -0.675 0.7116 0.6153, -0.6733 0.6926 0.6342, -0.675 0.7075 0.6157, -0.6748 0.7036 0.6171, -0.6748 0.7032 0.6173, -0.6746 0.6994 0.6198, -0.6743 0.6962 0.6232, -0.6739 0.6939 0.6274, -0.6739 0.6938 0.6276, -0.6735 0.6927 0.6321, -0.6732 0.6926 0.6361, -0.672 0.666 0.6501, -0.6711 0.6719 0.6601, -0.6722 0.6974 0.6469, -0.672 0.7004 0.6496, -0.6718 0.7043 0.6519, -0.6717 0.7089 0.6531, -0.6717 0.7116 0.6533, -0.6717 0.7157 0.6528, -0.6718 0.7199 0.6514, -0.6721 0.7238 0.6488, -0.6724 0.7271 0.6453, -0.6727 0.7292 0.6414, -0.6728 0.7294 0.6408, -0.6726 0.7331 0.643, -0.6723 0.7366 0.6464, -0.6719 0.7391 0.6504, -0.6715 0.7405 0.655, -0.6712 0.7408 0.6582, -0.6709 0.7404 0.662, -0.6709 0.7404 0.6623, -0.6705 0.7388 0.6666, -0.6702 0.7367 0.6698, -0.6702 0.7363 0.6704, -0.6699 0.7328 0.6736, -0.6697 0.7286 0.6759, -0.6696 0.7239 0.677, -0.6696 0.7218 0.6771, -0.6696 0.7179 0.6767, -0.6698 0.7136 0.6752, -0.6698 0.7118 0.6743, -0.6693 0.7089 0.6803, -0.6689 0.7046 0.6853, -0.6686 0.6996 0.689, -0.6683 0.6934 0.6915, -0.6683 0.6864 0.6924, -0.6703 0.6598 0.6688, -0.6702 0.66 0.6698, -0.6699 0.661 0.6742, -0.6693 0.6639 0.6802, -0.6689 0.6682 0.6853, -0.6688 0.6686 0.6857, -0.6685 0.6739 0.6893, -0.6683 0.6799 0.6916, -0.6703 0.6583 0.6688, -0.6704 0.6547 0.6684, -0.6705 0.6514 0.6671, -0.6707 0.6484 0.665, -0.6709 0.6462 0.6626, -0.6709 0.6459 0.662, -0.6712 0.6444 0.6593, -0.6715 0.6436 0.6557, -0.6716 0.6435 0.654, -0.6719 0.6439 0.6504, -0.6722 0.6452 0.647, -0.6725 0.6473 0.6441, -0.6725 0.6477 0.6437, -0.6727 0.6505 0.6414, -0.6728 0.6538 0.6399, -0.6729 0.6571 0.6393, -0.6729 0.6657 0.6393, -0.6729 0.6661 0.6394, -0.6729 0.6666 0.6395, -0.6729 0.6668 0.6395, -0.6729 0.6683 0.6393, -0.6729 0.6696 0.6388, -0.673 0.6707 0.638, -0.6731 0.6715 0.6371, -0.6732 0.6723 0.6358, -0.6733 0.6726 0.6344, -0.6734 0.6727 0.6336, -0.6735 0.6725 0.6322, -0.6736 0.672 0.6309, -0.6737 0.6712 0.6298, -0.6738 0.6707 0.6293, -0.6739 0.6695 0.6284, -0.6739 0.6683 0.6279, -0.6739 0.6672 0.6278, -0.6739 0.656 0.6278, -0.6738 0.6497 0.6291, -0.6735 0.6439 0.6319, -0.6732 0.6387 0.6363, -0.6727 0.6349 0.6415, -0.6722 0.6326 0.6475, -0.6727 0.7118 0.6414, -0.6727 0.7102 0.6412, -0.6728 0.7084 0.6406, -0.6729 0.7069 0.6396, -0.673 0.7057 0.6382, -0.6731 0.7049 0.6366, -0.6733 0.7044 0.6349, -0.6734 0.7044 0.6332, -0.6736 0.7049 0.6313, -0.6737 0.7058 0.6297, -0.6738 0.7068 0.6286, -0.6739 0.7082 0.6275, -0.674 0.7099 0.6269, -0.674 0.7118 0.6266, -0.674 0.7121 0.6266, -0.674 0.7138 0.6269, -0.6739 0.7155 0.6277, -0.6738 0.717 0.6288, -0.6737 0.7181 0.6301, -0.6736 0.7188 0.6317, -0.6734 0.7192 0.6335, -0.6733 0.7191 0.6353, -0.6731 0.7185 0.6371, -0.673 0.7175 0.6387, -0.6729 0.7168 0.6394, -0.6728 0.7153 0.6405, -0.6727 0.7136 0.6411
            ]
        }
        coordIndex [
            0,1,2,-1,3,4,0,-1,5,6,7,-1,8,9,10,-1,11,12,13,-1,13,12,14,-1,7,6,15,-1,4,16,0,-1,0,16,17,-1,0,17,18,-1,19,20,21,-1,21,20,22,-1,21,22,23,-1,23,22,24,-1,23,24,25,-1,25,24,26,-1,25,26,27,-1,27,26,28,-1,27,28,29,-1,29,28,12,-1,29,12,30,-1,31,32,19,-1,19,32,33,-1,19,33,20,-1,34,35,36,-1,36,35,37,-1,36,37,38,-1,38,37,39,-1,38,39,40,-1,40,39,41,-1,8,10,42,-1,42,10,43,-1,42,43,44,-1,44,43,45,-1,44,45,46,-1,47,48,12,-1,12,48,49,-1,12,49,14,-1,6,50,15,-1,15,50,51,-1,15,51,52,-1,52,51,53,-1,52,53,8,-1,8,53,54,-1,8,54,9,-1,17,55,18,-1,18,55,56,-1,18,56,57,-1,57,56,58,-1,59,60,61,-1,61,60,62,-1,61,62,63,-1,63,62,64,-1,63,64,65,-1,65,64,66,-1,65,66,67,-1,67,66,68,-1,67,68,69,-1,7,70,5,-1,5,70,71,-1,5,71,72,-1,72,71,73,-1,72,73,74,-1,74,73,75,-1,74,75,76,-1,3,0,77,-1,77,0,2,-1,77,2,19,-1,19,2,78,-1,19,78,31,-1,39,79,41,-1,41,79,80,-1,41,80,81,-1,81,80,82,-1,81,82,83,-1,83,82,84,-1,83,84,85,-1,85,84,86,-1,85,86,87,-1,87,86,88,-1,87,88,89,-1,89,88,90,-1,89,90,59,-1,59,90,91,-1,59,91,60,-1,92,93,94,-1,94,93,95,-1,94,95,36,-1,36,95,96,-1,36,96,34,-1,46,45,97,-1,97,45,98,-1,97,98,99,-1,99,98,100,-1,99,100,101,-1,101,100,102,-1,101,102,103,-1,103,102,104,-1,103,104,92,-1,92,104,105,-1,92,105,93,-1,106,11,107,-1,107,11,108,-1,107,108,109,-1,109,108,110,-1,109,110,111,-1,111,110,112,-1,111,112,113,-1,113,112,114,-1,113,114,115,-1,115,114,116,-1,115,116,117,-1,117,116,118,-1,117,118,119,-1,119,118,120,-1,119,120,121,-1,121,120,122,-1,121,122,58,-1,58,122,123,-1,58,123,57,-1,124,125,126,-1,75,127,76,-1,76,127,128,-1,76,128,129,-1,129,128,130,-1,129,130,131,-1,131,130,132,-1,131,132,133,-1,133,132,134,-1,133,134,135,-1,135,134,136,-1,135,136,47,-1,47,136,137,-1,47,137,48,-1,106,138,11,-1,11,138,139,-1,11,139,12,-1,12,139,140,-1,12,140,30,-1,68,141,69,-1,69,141,124,-1,69,124,142,-1,142,124,126,-1,143,144,124,-1,124,144,145,-1,124,145,125,-1,146,147,148,-1,147,149,148,-1,148,149,150,-1,148,150,151,-1,143,124,148,-1,148,124,152,-1,148,152,146,-1,85,153,154,-1,85,154,83,-1,83,154,155,-1,83,155,81,-1,155,156,81,-1,81,156,157,-1,81,157,41,-1,157,158,41,-1,41,158,159,-1,41,159,40,-1,40,159,160,-1,40,160,38,-1,38,160,161,-1,38,161,36,-1,36,161,162,-1,36,162,94,-1,94,162,163,-1,94,163,92,-1,92,163,103,-1,103,163,164,-1,164,165,103,-1,103,165,166,-1,103,166,101,-1,101,166,167,-1,101,167,99,-1,168,44,169,-1,169,44,46,-1,169,46,170,-1,170,46,97,-1,170,97,171,-1,171,97,99,-1,171,99,167,-1,44,168,172,-1,44,172,42,-1,42,172,173,-1,42,173,8,-1,8,173,174,-1,8,174,52,-1,52,174,175,-1,52,175,15,-1,15,175,176,-1,15,176,7,-1,7,176,177,-1,7,177,70,-1,70,177,178,-1,70,178,71,-1,71,178,179,-1,71,179,73,-1,127,75,180,-1,180,75,73,-1,180,73,179,-1,180,181,127,-1,127,181,182,-1,127,182,128,-1,128,182,183,-1,183,184,128,-1,128,184,185,-1,128,185,130,-1,130,185,186,-1,130,186,132,-1,132,186,187,-1,132,187,134,-1,134,187,188,-1,134,188,136,-1,136,188,189,-1,136,189,137,-1,137,189,190,-1,137,190,48,-1,48,190,191,-1,48,191,49,-1,49,191,192,-1,49,192,14,-1,192,193,14,-1,14,193,194,-1,14,194,13,-1,13,194,195,-1,13,195,11,-1,11,195,196,-1,11,196,108,-1,196,197,108,-1,108,197,198,-1,108,198,110,-1,110,198,199,-1,110,199,112,-1,200,57,123,-1,112,199,201,-1,112,201,114,-1,114,201,202,-1,114,202,116,-1,202,203,116,-1,116,203,204,-1,116,204,118,-1,118,204,205,-1,118,205,120,-1,120,205,206,-1,120,206,122,-1,122,206,207,-1,122,207,123,-1,123,207,208,-1,123,208,200,-1,18,57,209,-1,209,57,200,-1,0,18,210,-1,210,18,209,-1,1,0,211,-1,211,0,210,-1,2,1,212,-1,212,1,211,-1,2,212,213,-1,2,213,78,-1,78,213,214,-1,78,214,31,-1,31,214,215,-1,31,215,32,-1,32,215,216,-1,32,216,33,-1,33,216,217,-1,33,217,20,-1,20,217,218,-1,20,218,22,-1,22,218,219,-1,22,219,24,-1,24,219,220,-1,24,220,26,-1,26,220,221,-1,26,221,28,-1,28,221,222,-1,28,222,12,-1,12,222,223,-1,12,223,47,-1,47,223,224,-1,47,224,135,-1,135,224,225,-1,135,225,133,-1,133,225,226,-1,133,226,131,-1,131,226,227,-1,131,227,129,-1,227,228,129,-1,129,228,76,-1,228,229,76,-1,76,229,230,-1,76,230,74,-1,74,230,231,-1,74,231,72,-1,231,232,72,-1,72,232,233,-1,72,233,5,-1,5,233,234,-1,5,234,6,-1,6,234,235,-1,6,235,50,-1,50,235,236,-1,50,236,51,-1,51,236,237,-1,51,237,53,-1,53,237,238,-1,53,238,54,-1,54,238,239,-1,54,239,9,-1,9,239,240,-1,9,240,10,-1,10,240,241,-1,10,241,43,-1,43,241,242,-1,43,242,45,-1,45,242,243,-1,45,243,98,-1,98,243,244,-1,98,244,100,-1,245,34,246,-1,246,34,96,-1,246,96,247,-1,247,96,95,-1,247,95,248,-1,248,95,93,-1,248,93,249,-1,249,93,105,-1,249,105,250,-1,250,105,104,-1,250,104,251,-1,251,104,102,-1,251,102,252,-1,252,102,100,-1,252,100,244,-1,35,34,253,-1,253,34,245,-1,35,253,254,-1,35,254,37,-1,37,254,255,-1,37,255,39,-1,39,255,256,-1,39,256,79,-1,79,256,257,-1,79,257,80,-1,80,257,258,-1,80,258,82,-1,258,259,82,-1,82,259,260,-1,82,260,84,-1,84,260,261,-1,84,261,86,-1,86,261,262,-1,86,262,88,-1,88,262,263,-1,88,263,90,-1,90,263,264,-1,90,264,91,-1,91,264,265,-1,91,265,60,-1,60,265,266,-1,60,266,62,-1,62,266,267,-1,62,267,64,-1,64,267,268,-1,64,268,66,-1,68,66,269,-1,269,66,268,-1,68,269,270,-1,68,270,141,-1,141,270,271,-1,141,271,124,-1,124,271,272,-1,124,272,152,-1,152,272,273,-1,152,273,146,-1,146,273,274,-1,146,274,147,-1,147,274,275,-1,147,275,149,-1,149,275,276,-1,149,276,150,-1,150,276,277,-1,150,277,151,-1,151,277,278,-1,151,278,148,-1,148,278,279,-1,148,279,143,-1,143,279,280,-1,143,280,144,-1,144,280,281,-1,144,281,145,-1,145,281,282,-1,145,282,125,-1,125,282,283,-1,125,283,126,-1,126,283,284,-1,126,284,142,-1,142,284,285,-1,142,285,69,-1,69,285,286,-1,69,286,67,-1,65,67,287,-1,287,67,286,-1,65,287,288,-1,65,288,63,-1,63,288,289,-1,63,289,61,-1,61,289,290,-1,61,290,59,-1,59,290,291,-1,59,291,89,-1,89,291,292,-1,89,292,87,-1,87,292,153,-1,87,153,85,-1,77,293,294,-1,77,294,3,-1,3,294,295,-1,3,295,4,-1,4,295,296,-1,4,296,16,-1,16,296,297,-1,16,297,17,-1,17,297,298,-1,17,298,55,-1,55,298,299,-1,55,299,56,-1,56,299,300,-1,56,300,58,-1,58,300,301,-1,58,301,121,-1,121,301,302,-1,121,302,119,-1,119,302,303,-1,119,303,117,-1,117,303,304,-1,117,304,115,-1,115,304,305,-1,115,305,113,-1,113,305,306,-1,113,306,111,-1,111,306,307,-1,111,307,109,-1,109,307,308,-1,109,308,107,-1,107,308,309,-1,107,309,106,-1,106,309,310,-1,106,310,138,-1,138,310,311,-1,138,311,139,-1,139,311,312,-1,139,312,140,-1,140,312,313,-1,140,313,30,-1,30,313,314,-1,30,314,29,-1,29,314,315,-1,29,315,27,-1,27,315,316,-1,27,316,25,-1,25,316,317,-1,25,317,23,-1,23,317,318,-1,23,318,21,-1,21,318,319,-1,21,319,19,-1,19,319,293,-1,19,293,77,-1,
        ]
    }
}
Shape{
    appearance Appearance {
        material  Material 	{
            diffuseColor 0.20784313725490197 0.20784313725490197 0.20784313725490197
            specularColor 0.01568627450980392 0.01568627450980392 0.01568627450980392
            ambientIntensity 0.298
            transparency 0.0
            shininess 0.5
        }
    }
    geometry IndexedFaceSet {
        ccw TRUE
        solid FALSE
        coord DEF co Coordinate {
            point [
                -0.674 0.7121 0.6266, -0.6729 0.7168 0.6394, -0.673 0.7175 0.6387, -0.674 0.7099 0.6269, -0.6739 0.7082 0.6275, -0.6727 0.7102 0.6412, -0.6727 0.7118 0.6414, -0.6727 0.7136 0.6411, -0.6728 0.7153 0.6405, -0.6736 0.7188 0.6317, -0.6737 0.7181 0.6301, -0.6738 0.717 0.6288, -0.674 0.7118 0.6266, -0.6731 0.7185 0.6371, -0.6733 0.7191 0.6353, -0.6734 0.7192 0.6335, -0.6739 0.7155 0.6277, -0.674 0.7138 0.6269, -0.6738 0.7068 0.6286, -0.6737 0.7058 0.6297, -0.6736 0.7049 0.6313, -0.6734 0.7044 0.6332, -0.6733 0.7044 0.6349, -0.6731 0.7049 0.6366, -0.673 0.7057 0.6382, -0.6729 0.7069 0.6396, -0.6728 0.7084 0.6406
            ]
        }
        coordIndex [
            0,1,2,-1,3,4,5,-1,6,7,0,-1,0,7,8,-1,0,8,1,-1,9,10,2,-1,2,10,11,-1,6,0,5,-1,5,0,12,-1,5,12,3,-1,13,14,2,-1,2,14,15,-1,2,15,9,-1,11,16,2,-1,2,16,17,-1,2,17,0,-1,4,18,5,-1,5,18,19,-1,5,19,20,-1,20,21,5,-1,5,21,22,-1,5,22,23,-1,23,24,5,-1,5,24,25,-1,5,25,26,-1,
        ]
    }
}